"company_id/id";"company_ids/id";"id"
"scenario.company_agencyFR";"scenario.company_agencyFR";"scenario.userAPIApi"
"base.main_company";"base.main_company";"scenario.user_dtHolding"
"scenario.company_agencyfr_center8";"scenario.company_agencyfr_center8";"scenario.user_center_nice-trachel"
"scenario.company_agencyfr_center11";"scenario.company_agencyfr_center11";"scenario.user_center_nice-ruedefrance"
"scenario.company_agencyfr_center13";"scenario.company_agencyfr_center13";"scenario.user_center_blois"
"scenario.company_agencyfr_center14";"scenario.company_agencyfr_center14";"scenario.user_center_nantes"
"scenario.company_agencyfr_center15";"scenario.company_agencyfr_center15";"scenario.user_center_wasquehal"
"scenario.company_agencyfr_center26";"scenario.company_agencyfr_center26";"scenario.user_center_cannes"
"scenario.company_agencyfr_center29";"scenario.company_agencyfr_center29";"scenario.user_center_menton"
"scenario.company_agencyfr_center40";"scenario.company_agencyfr_center40";"scenario.user_center_boulogne"
"scenario.company_agencyfr_center42";"scenario.company_agencyfr_center42";"scenario.user_center_lille2"
"scenario.company_agencyfr_center43";"scenario.company_agencyfr_center43";"scenario.user_center_fontainebleau"
"scenario.company_agencyfr_center45";"scenario.company_agencyfr_center45";"scenario.user_center_antibes"
"scenario.company_agencyfr_center47";"scenario.company_agencyfr_center47";"scenario.user_center_grenoble"
"scenario.company_agencyfr_center48";"scenario.company_agencyfr_center48";"scenario.user_center_lyon2"
"scenario.company_agencyfr_center49";"scenario.company_agencyfr_center49";"scenario.user_center_amiens"
"scenario.company_agencyfr_center50";"scenario.company_agencyfr_center50";"scenario.user_center_lillearts"
"scenario.company_agencyfr_center51";"scenario.company_agencyfr_center51";"scenario.user_center_pau64"
"scenario.company_agencyfr_center53";"scenario.company_agencyfr_center53";"scenario.user_center_annecy"
"scenario.company_agencyfr_center54";"scenario.company_agencyfr_center54";"scenario.user_center_bourg"
"scenario.company_agencyfr_center55";"scenario.company_agencyfr_center55";"scenario.user_center_marseille6"
"scenario.company_agencyfr_center56";"scenario.company_agencyfr_center56";"scenario.user_center_macon"
"scenario.company_agencyfr_center58";"scenario.company_agencyfr_center58";"scenario.user_center_vincennes"
"scenario.company_agencyfr_center59";"scenario.company_agencyfr_center59";"scenario.user_center_beziers"
"scenario.company_agencyfr_center62";"scenario.company_agencyfr_center62";"scenario.user_center_melun"
"scenario.company_agencyfr_center65";"scenario.company_agencyfr_center65";"scenario.user_center_orleans"
"scenario.company_agencyfr_center66";"scenario.company_agencyfr_center66";"scenario.user_center_varenne"
"scenario.company_agencymx_center67";"scenario.company_agencymx_center67";"scenario.user_center_formation_mx"
"scenario.company_agencych_center69";"scenario.company_agencych_center69";"scenario.user_center_geneve"
"scenario.company_agencyfr_center70";"scenario.company_agencyfr_center70";"scenario.user_center_lyon3"
"scenario.company_agencyfr_center71";"scenario.company_agencyfr_center71";"scenario.user_center_formation"
"scenario.company_agencylu_center72";"scenario.company_agencylu_center72";"scenario.user_center_luxembourg"
"scenario.company_agencyfr_center74";"scenario.company_agencyfr_center74";"scenario.user_center_paris9"
"scenario.company_agencyfr_center75";"scenario.company_agencyfr_center75";"scenario.user_center_besancon"
"scenario.company_agencyfr_center76";"scenario.company_agencyfr_center76";"scenario.user_center_aixenprovence"
"scenario.company_agencyfr_center77";"scenario.company_agencyfr_center77";"scenario.user_center_clermont"
"scenario.company_agencyfr_center78";"scenario.company_agencyfr_center78";"scenario.user_center_lemans"
"scenario.company_agencyfr_center79";"scenario.company_agencyfr_center79";"scenario.user_center_chateauroux"
"scenario.company_agencyfr_center83";"scenario.company_agencyfr_center83";"scenario.user_center_bayonne"
"scenario.company_agencyfr_center84";"scenario.company_agencyfr_center84";"scenario.user_center_brest"
"scenario.company_agencyfr_center85";"scenario.company_agencyfr_center85";"scenario.user_center_cagnes"
"scenario.company_agencyfr_center87";"scenario.company_agencyfr_center87";"scenario.user_center_colmar"
"scenario.company_agencyfr_center89";"scenario.company_agencyfr_center89";"scenario.user_center_evry"
"scenario.company_agencyfr_center93";"scenario.company_agencyfr_center93";"scenario.user_center_marseille2"
"scenario.company_agencyfr_center94";"scenario.company_agencyfr_center94";"scenario.user_center_metz"
"scenario.company_agencyfr_center95";"scenario.company_agencyfr_center95";"scenario.user_center_montlucon"
"scenario.company_agencyfr_center97";"scenario.company_agencyfr_center97";"scenario.user_center_nimes"
"scenario.company_agencyfr_center99";"scenario.company_agencyfr_center99";"scenario.user_center_rennes"
"scenario.company_agencyre_center100";"scenario.company_agencyre_center100";"scenario.user_center_saintdenis"
"scenario.company_agencyfr_center101";"scenario.company_agencyfr_center101";"scenario.user_center_rouen"
"scenario.company_agencyfr_center102";"scenario.company_agencyfr_center102";"scenario.user_center_sable"
"scenario.company_agencyfr_center104";"scenario.company_agencyfr_center104";"scenario.user_center_thionville"
"scenario.company_agencyfr_center105";"scenario.company_agencyfr_center105";"scenario.user_center_rodez"
"scenario.company_agencyfr_center106";"scenario.company_agencyfr_center106";"scenario.user_center_strasbourg"
"scenario.company_agencyfr_center107";"scenario.company_agencyfr_center107";"scenario.user_center_toulouse"
"scenario.company_agencyfr_center108";"scenario.company_agencyfr_center108";"scenario.user_center_tours"
"scenario.company_agencyfr_center109";"scenario.company_agencyfr_center109";"scenario.user_center_vichy"
"scenario.company_agencyfr_center110";"scenario.company_agencyfr_center110";"scenario.user_center_mulhouse"
"scenario.company_agencyfr_center112";"scenario.company_agencyfr_center112";"scenario.user_center_vannes"
"scenario.company_agencyfr_center114";"scenario.company_agencyfr_center114";"scenario.user_center_chambery"
"scenario.company_agencyfr_center116";"scenario.company_agencyfr_center116";"scenario.user_center_caen"
"scenario.company_agencyfr_center117";"scenario.company_agencyfr_center117";"scenario.user_center_poitiers"
"scenario.company_agencyfr_center119";"scenario.company_agencyfr_center119";"scenario.user_center_dijon"
"scenario.company_agencyfr_center120";"scenario.company_agencyfr_center120";"scenario.user_center_paris15"
"scenario.company_agencyfr_center122";"scenario.company_agencyfr_center122";"scenario.user_center_saintlaurent"
"scenario.company_agencyfr_center123";"scenario.company_agencyfr_center123";"scenario.user_center_paris14"
"scenario.company_agencyfr_center124";"scenario.company_agencyfr_center124";"scenario.user_center_nantes-vertou"
"scenario.company_agencyfr_center127";"scenario.company_agencyfr_center127";"scenario.user_center_roanne"
"scenario.company_agencyfr_center128";"scenario.company_agencyfr_center128";"scenario.user_center_levallois"
"scenario.company_agencyfr_center129";"scenario.company_agencyfr_center129";"scenario.user_center_nancy"
"scenario.company_agencyfr_center130";"scenario.company_agencyfr_center130";"scenario.user_center_montpellier"
"scenario.company_agencyfr_center133";"scenario.company_agencyfr_center133";"scenario.user_center_paris8"
"scenario.company_agencyfr_center134";"scenario.company_agencyfr_center134";"scenario.user_center_bastia"
"scenario.company_agencyfr_center135";"scenario.company_agencyfr_center135";"scenario.user_center_bordeaux2"
"scenario.company_agencyfr_center137";"scenario.company_agencyfr_center137";"scenario.user_center_avignon-lesangles"
"scenario.company_agencyfr_center138";"scenario.company_agencyfr_center138";"scenario.user_center_hyeres"
"scenario.company_agencyfr_center143";"scenario.company_agencyfr_center143";"scenario.user_center_bourges"
"scenario.company_agencyfr_center145";"scenario.company_agencyfr_center145";"scenario.user_center_perpignan"
"scenario.company_agencyfr_center146";"scenario.company_agencyfr_center146";"scenario.user_center_lyon4"
"scenario.company_agencyfr_center147";"scenario.company_agencyfr_center147";"scenario.user_center_neuilly"
"scenario.company_agencyfr_center152";"scenario.company_agencyfr_center152";"scenario.user_center_sete"
"scenario.company_agencyfr_center153";"scenario.company_agencyfr_center153";"scenario.user_center_arles"
"scenario.company_agencyfr_center156";"scenario.company_agencyfr_center156";"scenario.user_center_muret"
"scenario.company_agencyfr_center157";"scenario.company_agencyfr_center157";"scenario.user_center_auch"
"scenario.company_agencyfr_center158";"scenario.company_agencyfr_center158";"scenario.user_center_paris3"
"scenario.company_agencyfr_center159";"scenario.company_agencyfr_center159";"scenario.user_center_paris16"
"scenario.company_agencyre_center160";"scenario.company_agencyre_center160";"scenario.user_center_saintpierre"
"scenario.company_agencymx_center161";"scenario.company_agencymx_center161";"scenario.user_center_mexico"
"scenario.company_agencyfr_center162";"scenario.company_agencyfr_center162";"scenario.user_center_boulogne-nord"
"scenario.company_agencyfr_center163";"scenario.company_agencyfr_center163";"scenario.user_center_sanary"
"scenario.company_agencyfr_center165";"scenario.company_agencyfr_center165";"scenario.user_center_olivet"
"scenario.company_agencyfr_center166";"scenario.company_agencyfr_center166";"scenario.user_center_lyon6"
"scenario.company_agencybe_center167";"scenario.company_agencybe_center167";"scenario.user_center_bruxelles"
"scenario.company_agencyfr_center168";"scenario.company_agencyfr_center168";"scenario.user_center_saintquentin"
"scenario.company_agencyfr_center172";"scenario.company_agencyfr_center172";"scenario.user_center_tassin"
"scenario.company_agencyfr_center173";"scenario.company_agencyfr_center173";"scenario.user_center_issy"
"scenario.company_agencyfr_center176";"scenario.company_agencyfr_center176";"scenario.user_center_cergy"
"scenario.company_agencyfr_center180";"scenario.company_agencyfr_center180";"scenario.user_center_annemasse"
"scenario.company_agencyfr_center186";"scenario.company_agencyfr_center186";"scenario.user_center_strasbourg-ouest"
"scenario.company_agencyfr_center188";"scenario.company_agencyfr_center188";"scenario.user_center_oullins"
"scenario.company_agencyfr_center189";"scenario.company_agencyfr_center189";"scenario.user_center_montelimar"
"scenario.company_agencyfr_center195";"scenario.company_agencyfr_center195";"scenario.user_center_meaux"
"scenario.company_agencylu_center204";"scenario.company_agencylu_center204";"scenario.user_center_differdange"
"scenario.company_agencyfr_center206";"scenario.company_agencyfr_center206";"scenario.user_center_frejus"
"scenario.company_agencyfr_center207";"scenario.company_agencyfr_center207";"scenario.user_center_courbevoie"
"scenario.company_agencyfr_center208";"scenario.company_agencyfr_center208";"scenario.user_center_saintetienne"
"scenario.company_agencyfr_center214";"scenario.company_agencyfr_center214";"scenario.user_center_chatenay-malabry"
"scenario.company_agencyfr_center217";"scenario.company_agencyfr_center217";"scenario.user_center_tournefeuille"
"scenario.company_agencyfr_center218";"scenario.company_agencyfr_center218";"scenario.user_center_montgeron"
"scenario.company_agencyfr_center219";"scenario.company_agencyfr_center219";"scenario.user_center_suresnes"
"scenario.company_agencyfr_center223";"scenario.company_agencyfr_center223";"scenario.user_center_villup"
"scenario.company_agencyfr_center228";"scenario.company_agencyfr_center228";"scenario.user_center_roubaix"
"scenario.company_agencyfr_center230";"scenario.company_agencyfr_center230";"scenario.user_center_lomme"
"scenario.company_agencyfr_center238";"scenario.company_agencyfr_center238";"scenario.user_center_saintlouis"
"scenario.company_agencyfr_center239";"scenario.company_agencyfr_center239";"scenario.user_center_toulonmayol"
"scenario.company_depiltechSiege";"scenario.company_depiltechSiege";"scenario.user_dt_pauljean-baptiste-mauvenu"
"scenario.company_depiltechSiege";"scenario.company_depiltechSiege";"scenario.user_dt_marion-vaast"
"scenario.company_depiltechSiege";"scenario.company_depiltechSiege,scenario.company_agencyfr_center8,scenario.company_agencyfr_center11,scenario.company_agencyfr_center26,scenario.company_agencyfr_center40,scenario.company_agencyfr_center45,scenario.company_agencyfr_center55,scenario.company_agencyfr_center158,scenario.company_agencyfr_center159,scenario.company_agencyfr_center239";"scenario.user_dt_valerie-elbaz"
"scenario.company_depiltechSiege";"scenario.company_depiltechSiege";"scenario.user_dt_aurelie-betto"
"scenario.company_depiltechSiege";"scenario.company_depiltechSiege";"scenario.user_dt_nathalie-schlemmer-maire"
"scenario.company_depiltechSiege";"scenario.company_depiltechSiege";"scenario.user_dt_daniel-makanda"
"scenario.company_depiltechSiege";"scenario.company_depiltechSiege";"scenario.user_dt_vincent-rouzier"
"scenario.company_depiltechSiege";"scenario.company_depiltechSiege";"scenario.user_dt_margaux-carleschi"
"scenario.company_depiltechSiege";"scenario.company_depiltechSiege";"scenario.user_dt_arnaud-brusseau"
"scenario.company_depiltechSiege";"scenario.company_depiltechSiege";"scenario.user_dt_annie-housseini"
"scenario.company_depiltechSiege";"scenario.company_depiltechSiege,scenario.company_agencyfr_center8,scenario.company_agencyfr_center11,scenario.company_agencyfr_center26,scenario.company_agencyfr_center40,scenario.company_agencyfr_center45,scenario.company_agencyfr_center55,scenario.company_agencyfr_center158,scenario.company_agencyfr_center159,scenario.company_agencyfr_center239";"scenario.user_dt_emmanuelle-lasfargues"
"scenario.company_depiltechSiege";"scenario.company_depiltechSiege";"scenario.user_dt_alexandra-viera"
"scenario.company_depiltechSiege";"scenario.company_depiltechSiege";"scenario.user_dt_jeremy-gay"
"scenario.company_depiltechSiege";"scenario.company_depiltechSiege";"scenario.user_dt_joel-gaujard"
"scenario.company_agencyHolding";"scenario.company_agencyHolding,scenario.company_depiltechSiege";"scenario.user_dt_jessica-noviant"
"scenario.company_depiltechSiege";"scenario.company_depiltechSiege";"scenario.user_dt_myriam-bougdim"
"scenario.company_depiltechSiege";"scenario.company_depiltechSiege";"scenario.user_dt_cheraz-sermouk"
"scenario.company_agencyHolding";"scenario.company_agencyHolding,scenario.company_depiltechSiege";"scenario.user_dt_virginie-mauri"
"scenario.company_depiltechSiege";"scenario.company_depiltechSiege";"scenario.user_dt_julie-lionet-bourgat"
"scenario.company_depiltechSiege";"scenario.company_depiltechSiege";"scenario.user_dt_vincenzo-mallia"
"scenario.company_depiltechSiege";"scenario.company_depiltechSiege";"scenario.user_dt_vanessa-schmitt"
"scenario.company_depiltechSiege";"scenario.company_depiltechSiege";"scenario.user_dt_laura-tripodi"
"scenario.company_depiltechSiege";"scenario.company_depiltechSiege";"scenario.user_dt_eric-donnay"
"scenario.company_depiltechSiege";"scenario.company_depiltechSiege";"scenario.user_dt_emilie-ribes"
"scenario.company_depiltechSiege";"scenario.company_depiltechSiege";"scenario.user_dt_renaud-labaume"
"scenario.company_depiltechSiege";"scenario.company_depiltechSiege";"scenario.user_dt_emilie-peisino"
"scenario.company_depiltechSiege";"scenario.company_depiltechSiege";"scenario.user_dt_lydie-maillard"
"scenario.company_agencyHolding";"scenario.company_agencyHolding,scenario.company_depiltechSiege";"scenario.user_dt_sylvie-baudet"
"scenario.company_depiltechSiege";"scenario.company_depiltechSiege";"scenario.user_dt_christelle-pouderon"
"scenario.company_depiltechSiege";"scenario.company_depiltechSiege";"scenario.user_dt_vincent-depernon"
"scenario.company_depiltechSiege";"scenario.company_depiltechSiege";"scenario.user_dt_lucie-moinel"
"scenario.company_depiltechSiege";"scenario.company_depiltechSiege";"scenario.user_dt_helene-miller"
"scenario.company_agencyHolding";"scenario.company_agencyHolding,scenario.company_depiltechSiege";"scenario.user_dt_nicolas-caugant"
"scenario.company_depiltechSiege";"scenario.company_depiltechSiege";"scenario.user_dt_caroline-yanculovici"
"scenario.company_depiltechSiege";"scenario.company_depiltechSiege";"scenario.user_dt_barbara-libolt"
"scenario.company_depiltechSiege";"scenario.company_depiltechSiege";"scenario.user_dt_dorothee-maillard"
"scenario.company_agencyHolding";"scenario.company_agencyHolding,scenario.company_depiltechSiege";"scenario.user_dt_renaud-terry"
"scenario.company_depiltechSiege";"scenario.company_depiltechSiege";"scenario.user_dt_guillaume-brenot"
"scenario.company_depiltechSiege";"scenario.company_depiltechSiege";"scenario.user_dt_sandrine-chaulet"
"scenario.company_agencyHolding";"scenario.company_agencyHolding,scenario.company_depiltechSiege";"scenario.user_dt_helene-briand-loublier"
"scenario.company_agencyHolding";"scenario.company_agencyHolding,scenario.company_depiltechSiege";"scenario.user_dt_david-besson"
"scenario.company_depiltechSiege";"scenario.company_depiltechSiege,scenario.company_agencyfr_center8,scenario.company_agencyfr_center11,scenario.company_agencyfr_center26,scenario.company_agencyfr_center40,scenario.company_agencyfr_center45,scenario.company_agencyfr_center55,scenario.company_agencyfr_center158,scenario.company_agencyfr_center159,scenario.company_agencyfr_center239";"scenario.user_dt_sandrine-salvi"
"scenario.company_agencyHolding";"scenario.company_agencyHolding,scenario.company_depiltechSiege";"scenario.user_dt_mathieu-pradies"
"scenario.company_agencyHolding";"scenario.company_agencyHolding,scenario.company_depiltechSiege";"scenario.user_dt_julie-monnier"
"scenario.company_depiltechSiege";"scenario.company_depiltechSiege";"scenario.user_dt_catherine-larrouturou"
"scenario.company_agencyHolding";"scenario.company_agencyHolding,scenario.company_depiltechSiege";"scenario.user_dt_cyril-talien"
"scenario.company_agencyHolding";"scenario.company_agencyHolding,scenario.company_depiltechSiege";"scenario.user_dt_anicet-gabillard"
"scenario.company_depiltechSiege";"scenario.company_depiltechSiege";"scenario.user_dt_fanny-roux"
"scenario.company_agencyfr_center120";"scenario.company_agencyfr_center120,scenario.company_agencyfr_center220,scenario.company_agencyfr_center221,scenario.company_agencyfr_center222,scenario.company_agencyfr_center223,scenario.company_agencyfr_center181";"scenario.user_manager_dt-sasnoo"
"scenario.company_agencyfr_center157";"scenario.company_agencyfr_center157,scenario.company_agencyfr_center215,scenario.company_agencyfr_center216,scenario.company_agencyfr_center217,scenario.company_agencyfr_center149,scenario.company_agencyfr_center203,scenario.company_agencyfr_center164,scenario.company_agencyfr_center144,scenario.company_agencyfr_center174";"scenario.user_manager_dt-hamel"