id,name,group_id/id,model_id/id,perm_export
specific_export_manager.account_payment_line_group_export,specific_security.account_payment_line_group_export,specific_security.group_export,account_banking_pain_base.model_account_payment_line,True
specific_export_manager.account_payment_mode_group_export,specific_security.account_payment_mode_group_export,specific_security.group_export,account_banking_pain_base.model_account_payment_mode,True
specific_export_manager.account_payment_order_group_export,specific_security.account_payment_order_group_export,specific_security.group_export,account_banking_pain_base.model_account_payment_order,True
specific_export_manager.bank_payment_line_group_export,specific_security.bank_payment_line_group_export,specific_security.group_export,account_banking_pain_base.model_bank_payment_line,True
specific_export_manager.date_range_type_group_export,specific_security.date_range_type_group_export,specific_security.group_export,account_fiscal_year.model_date_range_type,True
specific_export_manager.account_online_journal_group_export,specific_security.account_online_journal_group_export,specific_security.group_export,account_online_sync.model_account_online_journal,True
specific_export_manager.account_online_provider_group_export,specific_security.account_online_provider_group_export,specific_security.group_export,account_online_sync.model_account_online_provider,True
specific_export_manager.res_bank_group_export,specific_security.res_bank_group_export,specific_security.group_export,account_payment_order.model_res_bank,True
specific_export_manager.sale_order_group_export,specific_security.sale_order_group_export,specific_security.group_export,account_payment_sale.model_sale_order,True
specific_export_manager.account_financial_html_report_group_export,specific_security.account_financial_html_report_group_export,specific_security.group_export,account_reports.model_account_financial_html_report,True
specific_export_manager.account_financial_html_report_line_group_export,specific_security.account_financial_html_report_line_group_export,specific_security.group_export,account_reports.model_account_financial_html_report_line,True
specific_export_manager.account_report_type_group_export,specific_security.account_report_type_group_export,specific_security.group_export,account_reports.model_account_report_type,True
specific_export_manager.ir_module_module_group_export,specific_security.ir_module_module_group_export,specific_security.group_export,account_reports.model_ir_module_module,True
specific_export_manager.res_users_group_export,specific_security.res_users_group_export,specific_security.group_export,account_reports.model_res_users,True
specific_export_manager.account_account_group_export,specific_security.account_account_group_export,specific_security.group_export,account.model_account_account,True
specific_export_manager.account_account_tag_group_export,specific_security.account_account_tag_group_export,specific_security.group_export,account.model_account_account_tag,True
specific_export_manager.account_account_template_group_export,specific_security.account_account_template_group_export,specific_security.group_export,account.model_account_account_template,True
specific_export_manager.account_account_type_group_export,specific_security.account_account_type_group_export,specific_security.group_export,account.model_account_account_type,True
specific_export_manager.account_analytic_line_group_export,specific_security.account_analytic_line_group_export,specific_security.group_export,account.model_account_analytic_line,True
specific_export_manager.account_bank_statement_group_export,specific_security.account_bank_statement_group_export,specific_security.group_export,account.model_account_bank_statement,True
specific_export_manager.account_bank_statement_cashbox_group_export,specific_security.account_bank_statement_cashbox_group_export,specific_security.group_export,account.model_account_bank_statement_cashbox,True
specific_export_manager.account_bank_statement_line_group_export,specific_security.account_bank_statement_line_group_export,specific_security.group_export,account.model_account_bank_statement_line,True
specific_export_manager.account_cashbox_line_group_export,specific_security.account_cashbox_line_group_export,specific_security.group_export,account.model_account_cashbox_line,True
specific_export_manager.account_chart_template_group_export,specific_security.account_chart_template_group_export,specific_security.group_export,account.model_account_chart_template,True
specific_export_manager.account_financial_report_group_export,specific_security.account_financial_report_group_export,specific_security.group_export,account.model_account_financial_report,True
specific_export_manager.account_fiscal_position_group_export,specific_security.account_fiscal_position_group_export,specific_security.group_export,account.model_account_fiscal_position,True
specific_export_manager.account_fiscal_position_account_group_export,specific_security.account_fiscal_position_account_group_export,specific_security.group_export,account.model_account_fiscal_position_account,True
specific_export_manager.account_fiscal_position_account_template_group_export,specific_security.account_fiscal_position_account_template_group_export,specific_security.group_export,account.model_account_fiscal_position_account_template,True
specific_export_manager.account_fiscal_position_tax_group_export,specific_security.account_fiscal_position_tax_group_export,specific_security.group_export,account.model_account_fiscal_position_tax,True
specific_export_manager.account_fiscal_position_tax_template_group_export,specific_security.account_fiscal_position_tax_template_group_export,specific_security.group_export,account.model_account_fiscal_position_tax_template,True
specific_export_manager.account_fiscal_position_template_group_export,specific_security.account_fiscal_position_template_group_export,specific_security.group_export,account.model_account_fiscal_position_template,True
specific_export_manager.account_full_reconcile_group_export,specific_security.account_full_reconcile_group_export,specific_security.group_export,account.model_account_full_reconcile,True
specific_export_manager.account_invoice_group_export,specific_security.account_invoice_group_export,specific_security.group_export,account.model_account_invoice,True
specific_export_manager.account_invoice_line_group_export,specific_security.account_invoice_line_group_export,specific_security.group_export,account.model_account_invoice_line,True
specific_export_manager.account_invoice_report_group_export,specific_security.account_invoice_report_group_export,specific_security.group_export,account.model_account_invoice_report,True
specific_export_manager.account_invoice_tax_group_export,specific_security.account_invoice_tax_group_export,specific_security.group_export,account.model_account_invoice_tax,True
specific_export_manager.account_journal_group_export,specific_security.account_journal_group_export,specific_security.group_export,account.model_account_journal,True
specific_export_manager.account_move_group_export,specific_security.account_move_group_export,specific_security.group_export,account.model_account_move,True
specific_export_manager.account_move_line_group_export,specific_security.account_move_line_group_export,specific_security.group_export,account.model_account_move_line,True
specific_export_manager.account_partial_reconcile_group_export,specific_security.account_partial_reconcile_group_export,specific_security.group_export,account.model_account_partial_reconcile,True
specific_export_manager.account_payment_group_export,specific_security.account_payment_group_export,specific_security.group_export,account.model_account_payment,True
specific_export_manager.account_payment_method_group_export,specific_security.account_payment_method_group_export,specific_security.group_export,account.model_account_payment_method,True
specific_export_manager.account_payment_term_group_export,specific_security.account_payment_term_group_export,specific_security.group_export,account.model_account_payment_term,True
specific_export_manager.account_payment_term_line_group_export,specific_security.account_payment_term_line_group_export,specific_security.group_export,account.model_account_payment_term_line,True
specific_export_manager.account_reconcile_model_group_export,specific_security.account_reconcile_model_group_export,specific_security.group_export,account.model_account_reconcile_model,True
specific_export_manager.account_reconcile_template_group_export,specific_security.account_reconcile_template_group_export,specific_security.group_export,account.model_account_reconcile_model_template,True
specific_export_manager.account_tax_group_export,specific_security.account_tax_group_export,specific_security.group_export,account.model_account_tax,True
specific_export_manager.account_tax_group_group_export,specific_security.account_tax_group_group_export,specific_security.group_export,account.model_account_tax_group,True
specific_export_manager.account_tax_template_group_export,specific_security.account_tax_template_group_export,specific_security.group_export,account.model_account_tax_template,True
specific_export_manager.product_category_group_export,specific_security.product_category_group_export,specific_security.group_export,account.model_product_category,True
specific_export_manager.product_template_group_export,specific_security.product_template_group_export,specific_security.group_export,account.model_product_template,True
specific_export_manager.res_company_group_export,specific_security.res_company_group_export,specific_security.group_export,account.model_res_company,True
specific_export_manager.res_partner_group_export,specific_security.res_partner_group_export,specific_security.group_export,account.model_res_partner,True
specific_export_manager.res_partner_bank_group_export,specific_security.res_partner_bank_group_export,specific_security.group_export,account.model_res_partner_bank,True
specific_export_manager.web_planner_group_export,specific_security.web_planner_group_export,specific_security.group_export,account.model_web_planner,True
specific_export_manager.account_analytic_account_group_export,specific_security.account_analytic_account_group_export,specific_security.group_export,analytic.model_account_analytic_account,True
specific_export_manager.account_analytic_tag_group_export,specific_security.account_analytic_tag_group_export,specific_security.group_export,analytic.model_account_analytic_tag,True
specific_export_manager.ir_attachment_group_export,specific_security.ir_attachment_group_export,specific_security.group_export,attachment_s3.model_ir_attachment,True
specific_export_manager.auth_oauth_provider_group_export,specific_security.auth_oauth_provider_group_export,specific_security.group_export,auth_oauth.model_auth_oauth_provider,True
specific_export_manager.ir_config_parameter_group_export,specific_security.ir_config_parameter_group_export,specific_security.group_export,auth_oauth.model_ir_config_parameter,True
specific_export_manager.barcode_nomenclature_group_export,specific_security.barcode_nomenclature_group_export,specific_security.group_export,barcodes.model_barcode_nomenclature,True
specific_export_manager.barcode_rule_group_export,specific_security.barcode_rule_group_export,specific_security.group_export,barcodes.model_barcode_rule,True
specific_export_manager.base_action_rule_group_export,specific_security.base_action_rule_group_export,specific_security.group_export,base_action_rule.model_base_action_rule,True
specific_export_manager.base_action_rule_lead_test_group_export,specific_security.base_action_rule_lead_test_group_export,specific_security.group_export,base_action_rule.model_base_action_rule_lead_test,True
specific_export_manager.base_action_rule_line_test_group_export,specific_security.base_action_rule_line_test_group_export,specific_security.group_export,base_action_rule.model_base_action_rule_line_test,True
specific_export_manager.base_import_tests_models_char_group_export,specific_security.base_import_tests_models_char_group_export,specific_security.group_export,base_import.model_base_import_tests_models_char,True
specific_export_manager.base_import_tests_models_char_noreadonly_group_export,specific_security.base_import_tests_models_char_noreadonly_group_export,specific_security.group_export,base_import.model_base_import_tests_models_char_noreadonly,True
specific_export_manager.base_import_tests_models_char_readonly_group_export,specific_security.base_import_tests_models_char_readonly_group_export,specific_security.group_export,base_import.model_base_import_tests_models_char_readonly,True
specific_export_manager.base_import_tests_models_char_required_group_export,specific_security.base_import_tests_models_char_required_group_export,specific_security.group_export,base_import.model_base_import_tests_models_char_required,True
specific_export_manager.base_import_tests_models_char_states_group_export,specific_security.base_import_tests_models_char_states_group_export,specific_security.group_export,base_import.model_base_import_tests_models_char_states,True
specific_export_manager.base_import_tests_models_char_stillreadonly_group_export,specific_security.base_import_tests_models_char_stillreadonly_group_export,specific_security.group_export,base_import.model_base_import_tests_models_char_stillreadonly,True
specific_export_manager.base_import_tests_models_m2o_group_export,specific_security.base_import_tests_models_m2o_group_export,specific_security.group_export,base_import.model_base_import_tests_models_m2o,True
specific_export_manager.base_import_tests_models_m2o_related_group_export,specific_security.base_import_tests_models_m2o_related_group_export,specific_security.group_export,base_import.model_base_import_tests_models_m2o_related,True
specific_export_manager.base_import_tests_models_m2o_required_group_export,specific_security.base_import_tests_models_m2o_required_group_export,specific_security.group_export,base_import.model_base_import_tests_models_m2o_required,True
specific_export_manager.base_import_tests_models_m2o_required_related_group_export,specific_security.base_import_tests_models_m2o_required_related_group_export,specific_security.group_export,base_import.model_base_import_tests_models_m2o_required_related,True
specific_export_manager.base_import_tests_models_o2m_group_export,specific_security.base_import_tests_models_o2m_group_export,specific_security.group_export,base_import.model_base_import_tests_models_o2m,True
specific_export_manager.base_import_tests_models_o2m_child_group_export,specific_security.base_import_tests_models_o2m_child_group_export,specific_security.group_export,base_import.model_base_import_tests_models_o2m_child,True
specific_export_manager.base_import_tests_models_preview_group_export,specific_security.base_import_tests_models_preview_group_export,specific_security.group_export,base_import.model_base_import_tests_models_preview,True
specific_export_manager.ir_actions_act_url_group_export,specific_security.ir_actions_act_url_group_export,specific_security.group_export,base.model_ir_actions_act_url,True
specific_export_manager.ir_actions_act_window_group_export,specific_security.ir_actions_act_window_group_export,specific_security.group_export,base.model_ir_actions_act_window,True
specific_export_manager.ir_actions_act_window_close_group_export,specific_security.ir_actions_act_window_close_group_export,specific_security.group_export,base.model_ir_actions_act_window_close,True
specific_export_manager.ir_actions_act_window_view_group_export,specific_security.ir_actions_act_window_view_group_export,specific_security.group_export,base.model_ir_actions_act_window_view,True
specific_export_manager.ir_actions_actions_group_export,specific_security.ir_actions_actions_group_export,specific_security.group_export,base.model_ir_actions_actions,True
specific_export_manager.ir_actions_client_group_export,specific_security.ir_actions_client_group_export,specific_security.group_export,base.model_ir_actions_client,True
specific_export_manager.ir_actions_report_xml_group_export,specific_security.ir_actions_report_xml_group_export,specific_security.group_export,base.model_ir_actions_report_xml,True
specific_export_manager.ir_actions_server_group_export,specific_security.ir_actions_server_group_export,specific_security.group_export,base.model_ir_actions_server,True
specific_export_manager.ir_actions_todo_group_export,specific_security.ir_actions_todo_group_export,specific_security.group_export,base.model_ir_actions_todo,True
specific_export_manager.ir_cron_group_export,specific_security.ir_cron_group_export,specific_security.group_export,base.model_ir_cron,True
specific_export_manager.ir_exports_group_export,specific_security.ir_exports_group_export,specific_security.group_export,base.model_ir_exports,True
specific_export_manager.ir_exports_line_group_export,specific_security.ir_exports_line_group_export,specific_security.group_export,base.model_ir_exports_line,True
specific_export_manager.ir_filters_group_export,specific_security.ir_filters_group_export,specific_security.group_export,base.model_ir_filters,True
specific_export_manager.ir_logging_group_export,specific_security.ir_logging_group_export,specific_security.group_export,base.model_ir_logging,True
specific_export_manager.ir_mail_server_group_export,specific_security.ir_mail_server_group_export,specific_security.group_export,base.model_ir_mail_server,True
specific_export_manager.ir_model_group_export,specific_security.ir_model_group_export,specific_security.group_export,base.model_ir_model,True
specific_export_manager.ir_access_group_export,specific_security.ir_access_group_export,specific_security.group_export,base.model_ir_model_access,True
specific_export_manager.ir_constraint_group_export,specific_security.ir_constraint_group_export,specific_security.group_export,base.model_ir_model_constraint,True
specific_export_manager.ir_data_group_export,specific_security.ir_data_group_export,specific_security.group_export,base.model_ir_model_data,True
specific_export_manager.ir_fields_group_export,specific_security.ir_fields_group_export,specific_security.group_export,base.model_ir_model_fields,True
specific_export_manager.ir_relation_group_export,specific_security.ir_relation_group_export,specific_security.group_export,base.model_ir_model_relation,True
specific_export_manager.ir_module_category_group_export,specific_security.ir_module_category_group_export,specific_security.group_export,base.model_ir_module_category,True
specific_export_manager.ir_module_module_dependency_group_export,specific_security.ir_module_module_dependency_group_export,specific_security.group_export,base.model_ir_module_module_dependency,True
specific_export_manager.ir_needaction_mixin_group_export,specific_security.ir_needaction_mixin_group_export,specific_security.group_export,base.model_ir_needaction_mixin,True
specific_export_manager.ir_property_group_export,specific_security.ir_property_group_export,specific_security.group_export,base.model_ir_property,True
specific_export_manager.ir_rule_group_export,specific_security.ir_rule_group_export,specific_security.group_export,base.model_ir_rule,True
specific_export_manager.ir_sequence_group_export,specific_security.ir_sequence_group_export,specific_security.group_export,base.model_ir_sequence,True
specific_export_manager.ir_sequence_date_range_group_export,specific_security.ir_sequence_date_range_group_export,specific_security.group_export,base.model_ir_sequence_date_range,True
specific_export_manager.ir_server_object_lines_group_export,specific_security.ir_server_object_lines_group_export,specific_security.group_export,base.model_ir_server_object_lines,True
specific_export_manager.ir_translation_group_export,specific_security.ir_translation_group_export,specific_security.group_export,base.model_ir_translation,True
specific_export_manager.ir_ui_menu_group_export,specific_security.ir_ui_menu_group_export,specific_security.group_export,base.model_ir_ui_menu,True
specific_export_manager.ir_ui_view_group_export,specific_security.ir_ui_view_group_export,specific_security.group_export,base.model_ir_ui_view,True
specific_export_manager.ir_ui_view_custom_group_export,specific_security.ir_ui_view_custom_group_export,specific_security.group_export,base.model_ir_ui_view_custom,True
specific_export_manager.ir_values_group_export,specific_security.ir_values_group_export,specific_security.group_export,base.model_ir_values,True
specific_export_manager.res_country_group_export,specific_security.res_country_group_export,specific_security.group_export,base.model_res_country,True
specific_export_manager.res_country_group_group_export,specific_security.res_country_group_group_export,specific_security.group_export,base.model_res_country_group,True
specific_export_manager.res_country_state_group_export,specific_security.res_country_state_group_export,specific_security.group_export,base.model_res_country_state,True
specific_export_manager.res_currency_group_export,specific_security.res_currency_group_export,specific_security.group_export,base.model_res_currency,True
specific_export_manager.res_currency_rate_group_export,specific_security.res_currency_rate_group_export,specific_security.group_export,base.model_res_currency_rate,True
specific_export_manager.res_font_group_export,specific_security.res_font_group_export,specific_security.group_export,base.model_res_font,True
specific_export_manager.res_groups_group_export,specific_security.res_groups_group_export,specific_security.group_export,base.model_res_groups,True
specific_export_manager.res_lang_group_export,specific_security.res_lang_group_export,specific_security.group_export,base.model_res_lang,True
specific_export_manager.res_partner_category_group_export,specific_security.res_partner_category_group_export,specific_security.group_export,base.model_res_partner_category,True
specific_export_manager.res_partner_title_group_export,specific_security.res_partner_title_group_export,specific_security.group_export,base.model_res_partner_title,True
specific_export_manager.res_request_link_group_export,specific_security.res_request_link_group_export,specific_security.group_export,base.model_res_request_link,True
specific_export_manager.res_users_log_group_export,specific_security.res_users_log_group_export,specific_security.group_export,base.model_res_users_log,True
specific_export_manager.workflow_group_export,specific_security.workflow_group_export,specific_security.group_export,base.model_workflow,True
specific_export_manager.workflow_activity_group_export,specific_security.workflow_activity_group_export,specific_security.group_export,base.model_workflow_activity,True
specific_export_manager.workflow_instance_group_export,specific_security.workflow_instance_group_export,specific_security.group_export,base.model_workflow_instance,True
specific_export_manager.workflow_transition_group_export,specific_security.workflow_transition_group_export,specific_security.group_export,base.model_workflow_transition,True
specific_export_manager.workflow_triggers_group_export,specific_security.workflow_triggers_group_export,specific_security.group_export,base.model_workflow_triggers,True
specific_export_manager.workflow_workitem_group_export,specific_security.workflow_workitem_group_export,specific_security.group_export,base.model_workflow_workitem,True
specific_export_manager.board_board_group_export,specific_security.board_board_group_export,specific_security.group_export,board.model_board_board,True
specific_export_manager.bus_bus_group_export,specific_security.bus_bus_group_export,specific_security.group_export,bus.model_bus_bus,True
specific_export_manager.bus_presence_group_export,specific_security.bus_presence_group_export,specific_security.group_export,bus.model_bus_presence,True
specific_export_manager.calendar_alarm_group_export,specific_security.calendar_alarm_group_export,specific_security.group_export,calendar.model_calendar_alarm,True
specific_export_manager.calendar_alarm_manager_group_export,specific_security.calendar_alarm_manager_group_export,specific_security.group_export,calendar.model_calendar_alarm_manager,True
specific_export_manager.calendar_attendee_group_export,specific_security.calendar_attendee_group_export,specific_security.group_export,calendar.model_calendar_attendee,True
specific_export_manager.calendar_contacts_group_export,specific_security.calendar_contacts_group_export,specific_security.group_export,calendar.model_calendar_contacts,True
specific_export_manager.calendar_event_group_export,specific_security.calendar_event_group_export,specific_security.group_export,calendar.model_calendar_event,True
specific_export_manager.calendar_event_type_group_export,specific_security.calendar_event_type_group_export,specific_security.group_export,calendar.model_calendar_event_type,True
specific_export_manager.mail_message_group_export,specific_security.mail_message_group_export,specific_security.group_export,calendar.model_mail_message,True
specific_export_manager.crm_phonecall_group_export,specific_security.crm_phonecall_group_export,specific_security.group_export,crm_phone.model_crm_phonecall,True
specific_export_manager.crm_activity_group_export,specific_security.crm_activity_group_export,specific_security.group_export,crm.model_crm_activity,True
specific_export_manager.crm_activity_report_group_export,specific_security.crm_activity_report_group_export,specific_security.group_export,crm.model_crm_activity_report,True
specific_export_manager.crm_lead_group_export,specific_security.crm_lead_group_export,specific_security.group_export,crm.model_crm_lead,True
specific_export_manager.crm_lead_tag_group_export,specific_security.crm_lead_tag_group_export,specific_security.group_export,crm.model_crm_lead_tag,True
specific_export_manager.crm_lost_reason_group_export,specific_security.crm_lost_reason_group_export,specific_security.group_export,crm.model_crm_lost_reason,True
specific_export_manager.crm_opportunity_report_group_export,specific_security.crm_opportunity_report_group_export,specific_security.group_export,crm.model_crm_opportunity_report,True
specific_export_manager.crm_stage_group_export,specific_security.crm_stage_group_export,specific_security.group_export,crm.model_crm_stage,True
specific_export_manager.crm_team_group_export,specific_security.crm_team_group_export,specific_security.group_export,crm.model_crm_team,True
specific_export_manager.date_range_group_export,specific_security.date_range_group_export,specific_security.group_export,date_range.model_date_range,True
specific_export_manager.decimal_precision_group_export,specific_security.decimal_precision_group_export,specific_security.group_export,decimal_precision.model_decimal_precision,True
specific_export_manager.decimal_precision_test_group_export,specific_security.decimal_precision_test_group_export,specific_security.group_export,decimal_precision.model_decimal_precision_test,True
specific_export_manager.fetchmail_server_group_export,specific_security.fetchmail_server_group_export,specific_security.group_export,fetchmail.model_fetchmail_server,True
specific_export_manager.mail_mail_group_export,specific_security.mail_mail_group_export,specific_security.group_export,fetchmail.model_mail_mail,True
specific_export_manager.fields_regex_validation_group_export,specific_security.fields_regex_validation_group_export,specific_security.group_export,fields_regex_validation.model_fields_regex_validation,True
specific_export_manager.purchase_order_group_export,specific_security.purchase_order_group_export,specific_security.group_export,inter_company_rules.model_purchase_order,True
specific_export_manager.mail_push_device_group_export,specific_security.mail_push_device_group_export,specific_security.group_export,mail_push.model_mail_push_device,True
specific_export_manager.mail_alias_group_export,specific_security.mail_alias_group_export,specific_security.group_export,mail.model_mail_alias,True
specific_export_manager.mail_channel_group_export,specific_security.mail_channel_group_export,specific_security.group_export,mail.model_mail_channel,True
specific_export_manager.mail_channel_partner_group_export,specific_security.mail_channel_partner_group_export,specific_security.group_export,mail.model_mail_channel_partner,True
specific_export_manager.mail_followers_group_export,specific_security.mail_followers_group_export,specific_security.group_export,mail.model_mail_followers,True
specific_export_manager.mail_message_subtype_group_export,specific_security.mail_message_subtype_group_export,specific_security.group_export,mail.model_mail_message_subtype,True
specific_export_manager.mail_notification_group_export,specific_security.mail_notification_group_export,specific_security.group_export,mail.model_mail_notification,True
specific_export_manager.mail_shortcode_group_export,specific_security.mail_shortcode_group_export,specific_security.group_export,mail.model_mail_shortcode,True
specific_export_manager.mail_template_group_export,specific_security.mail_template_group_export,specific_security.group_export,mail.model_mail_template,True
specific_export_manager.mail_test_group_export,specific_security.mail_test_group_export,specific_security.group_export,mail.model_mail_test,True
specific_export_manager.mail_thread_group_export,specific_security.mail_thread_group_export,specific_security.group_export,mail.model_mail_thread,True
specific_export_manager.mail_tracking_value_group_export,specific_security.mail_tracking_value_group_export,specific_security.group_export,mail.model_mail_tracking_value,True
specific_export_manager.publisher_warranty_contract_group_export,specific_security.publisher_warranty_contract_group_export,specific_security.group_export,mail.model_publisher_warranty_contract,True
specific_export_manager.campaign_analysis_group_export,specific_security.campaign_analysis_group_export,specific_security.group_export,marketing_campaign.model_campaign_analysis,True
specific_export_manager.marketing_campaign_group_export,specific_security.marketing_campaign_group_export,specific_security.group_export,marketing_campaign.model_marketing_campaign,True
specific_export_manager.marketing_campaign_activity_group_export,specific_security.marketing_campaign_activity_group_export,specific_security.group_export,marketing_campaign.model_marketing_campaign_activity,True
specific_export_manager.marketing_campaign_segment_group_export,specific_security.marketing_campaign_segment_group_export,specific_security.group_export,marketing_campaign.model_marketing_campaign_segment,True
specific_export_manager.marketing_campaign_transition_group_export,specific_security.marketing_campaign_transition_group_export,specific_security.group_export,marketing_campaign.model_marketing_campaign_transition,True
specific_export_manager.marketing_campaign_workitem_group_export,specific_security.marketing_campaign_workitem_group_export,specific_security.group_export,marketing_campaign.model_marketing_campaign_workitem,True
specific_export_manager.changeset_field_rule_group_export,specific_security.changeset_field_rule_group_export,specific_security.group_export,partner_changeset.model_changeset_field_rule,True
specific_export_manager.res_partner_changeset_group_export,specific_security.res_partner_changeset_group_export,specific_security.group_export,partner_changeset.model_res_partner_changeset,True
specific_export_manager.res_partner_changeset_change_group_export,specific_security.res_partner_changeset_change_group_export,specific_security.group_export,partner_changeset.model_res_partner_changeset_change,True
specific_export_manager.survey_user_input_line_group_export,specific_security.survey_user_input_line_group_export,specific_security.group_export,partner_survey.model_survey_user_input_line,True
specific_export_manager.payment_acquirer_group_export,specific_security.payment_acquirer_group_export,specific_security.group_export,payment.model_payment_acquirer,True
specific_export_manager.payment_token_group_export,specific_security.payment_token_group_export,specific_security.group_export,payment.model_payment_token,True
specific_export_manager.payment_transaction_group_export,specific_security.payment_transaction_group_export,specific_security.group_export,payment.model_payment_transaction,True
specific_export_manager.sale_order_line_group_export,specific_security.sale_order_line_group_export,specific_security.group_export,procurement_jit.model_sale_order_line,True
specific_export_manager.procurement_group_group_export,specific_security.procurement_group_group_export,specific_security.group_export,procurement.model_procurement_group,True
specific_export_manager.procurement_order_group_export,specific_security.procurement_order_group_export,specific_security.group_export,procurement.model_procurement_order,True
specific_export_manager.procurement_rule_group_export,specific_security.procurement_rule_group_export,specific_security.group_export,procurement.model_procurement_rule,True
specific_export_manager.product_attribute_group_export,specific_security.product_attribute_group_export,specific_security.group_export,product.model_product_attribute,True
specific_export_manager.product_attribute_line_group_export,specific_security.product_attribute_line_group_export,specific_security.group_export,product.model_product_attribute_line,True
specific_export_manager.product_attribute_price_group_export,specific_security.product_attribute_price_group_export,specific_security.group_export,product.model_product_attribute_price,True
specific_export_manager.product_attribute_value_group_export,specific_security.product_attribute_value_group_export,specific_security.group_export,product.model_product_attribute_value,True
specific_export_manager.product_packaging_group_export,specific_security.product_packaging_group_export,specific_security.group_export,product.model_product_packaging,True
specific_export_manager.product_price_history_group_export,specific_security.product_price_history_group_export,specific_security.group_export,product.model_product_price_history,True
specific_export_manager.product_pricelist_group_export,specific_security.product_pricelist_group_export,specific_security.group_export,product.model_product_pricelist,True
specific_export_manager.product_pricelist_item_group_export,specific_security.product_pricelist_item_group_export,specific_security.group_export,product.model_product_pricelist_item,True
specific_export_manager.product_product_group_export,specific_security.product_product_group_export,specific_security.group_export,product.model_product_product,True
specific_export_manager.product_supplierinfo_group_export,specific_security.product_supplierinfo_group_export,specific_security.group_export,product.model_product_supplierinfo,True
specific_export_manager.product_uom_group_export,specific_security.product_uom_group_export,specific_security.group_export,product.model_product_uom,True
specific_export_manager.product_uom_categ_group_export,specific_security.product_uom_categ_group_export,specific_security.group_export,product.model_product_uom_categ,True
specific_export_manager.purchase_order_line_group_export,specific_security.purchase_order_line_group_export,specific_security.group_export,purchase.model_purchase_order_line,True
specific_export_manager.purchase_report_group_export,specific_security.purchase_report_group_export,specific_security.group_export,purchase.model_purchase_report,True
specific_export_manager.stock_move_group_export,specific_security.stock_move_group_export,specific_security.group_export,purchase.model_stock_move,True
specific_export_manager.stock_picking_group_export,specific_security.stock_picking_group_export,specific_security.group_export,purchase.model_stock_picking,True
specific_export_manager.stock_warehouse_group_export,specific_security.stock_warehouse_group_export,specific_security.group_export,purchase.model_stock_warehouse,True
specific_export_manager.report_page_endnote_group_export,specific_security.report_page_endnote_group_export,specific_security.group_export,report_page_endnote.model_report_page_endnote,True
specific_export_manager.report_group_export,specific_security.report_group_export,specific_security.group_export,report.model_report,True
specific_export_manager.report_paperformat_group_export,specific_security.report_paperformat_group_export,specific_security.group_export,report.model_report_paperformat,True
specific_export_manager.resource_calendar_group_export,specific_security.resource_calendar_group_export,specific_security.group_export,resource.model_resource_calendar,True
specific_export_manager.resource_calendar_attendance_group_export,specific_security.resource_calendar_attendance_group_export,specific_security.group_export,resource.model_resource_calendar_attendance,True
specific_export_manager.resource_calendar_leaves_group_export,specific_security.resource_calendar_leaves_group_export,specific_security.group_export,resource.model_resource_calendar_leaves,True
specific_export_manager.resource_resource_group_export,specific_security.resource_resource_group_export,specific_security.group_export,resource.model_resource_resource,True
specific_export_manager.automatic_workflow_job_group_export,specific_security.automatic_workflow_job_group_export,specific_security.group_export,sale_automatic_workflow.model_automatic_workflow_job,True
specific_export_manager.sale_workflow_process_group_export,specific_security.sale_workflow_process_group_export,specific_security.group_export,sale_automatic_workflow.model_sale_workflow_process,True
specific_export_manager.sale_discount_program_group_export,specific_security.sale_discount_program_group_export,specific_security.group_export,sale_discount_program.model_sale_discount_program,True
specific_export_manager.sale_discount_program_action_group_export,specific_security.sale_discount_program_action_group_export,specific_security.group_export,sale_discount_program.model_sale_discount_program_action,True
specific_export_manager.sale_discount_program_condition_group_export,specific_security.sale_discount_program_condition_group_export,specific_security.group_export,sale_discount_program.model_sale_discount_program_condition,True
specific_export_manager.stock_location_route_group_export,specific_security.stock_location_route_group_export,specific_security.group_export,sale_stock.model_stock_location_route,True
specific_export_manager.sale_layout_category_group_export,specific_security.sale_layout_category_group_export,specific_security.group_export,sale.model_sale_layout_category,True
specific_export_manager.sale_report_group_export,specific_security.sale_report_group_export,specific_security.group_export,sale.model_sale_report,True
specific_export_manager.res_company_phototherapist_group_export,specific_security.res_company_phototherapist_group_export,specific_security.group_export,specific_base.model_res_company_phototherapist,True
specific_export_manager.res_company_schedule_group_export,specific_security.res_company_schedule_group_export,specific_security.group_export,specific_base.model_res_company_schedule,True
specific_export_manager.utm_campaign_group_export,specific_security.utm_campaign_group_export,specific_security.group_export,specific_base.model_utm_campaign,True
specific_export_manager.utm_medium_group_export,specific_security.utm_medium_group_export,specific_security.group_export,specific_base.model_utm_medium,True
specific_export_manager.utm_source_group_export,specific_security.utm_source_group_export,specific_security.group_export,specific_base.model_utm_source,True
specific_export_manager.partner_sponsor_group_export,specific_security.partner_sponsor_group_export,specific_security.group_export,specific_discount_program.model_partner_sponsor,True
specific_export_manager.depiltech_payment_mode_group_export,specific_security.depiltech_payment_mode_group_export,specific_security.group_export,specific_payment_mode.model_depiltech_payment_mode,True
specific_export_manager.stock_history_group_export,specific_security.stock_history_group_export,specific_security.group_export,stock_account.model_stock_history,True
specific_export_manager.product_putaway_group_export,specific_security.product_putaway_group_export,specific_security.group_export,stock.model_product_putaway,True
specific_export_manager.product_removal_group_export,specific_security.product_removal_group_export,specific_security.group_export,stock.model_product_removal,True
specific_export_manager.report_stock_forecast_group_export,specific_security.report_stock_forecast_group_export,specific_security.group_export,stock.model_report_stock_forecast,True
specific_export_manager.report_stock_lines_date_group_export,specific_security.report_stock_lines_date_group_export,specific_security.group_export,stock.model_report_stock_lines_date,True
specific_export_manager.stock_fixed_putaway_strat_group_export,specific_security.stock_fixed_putaway_strat_group_export,specific_security.group_export,stock.model_stock_fixed_putaway_strat,True
specific_export_manager.stock_incoterms_group_export,specific_security.stock_incoterms_group_export,specific_security.group_export,stock.model_stock_incoterms,True
specific_export_manager.stock_inventory_group_export,specific_security.stock_inventory_group_export,specific_security.group_export,stock.model_stock_inventory,True
specific_export_manager.stock_inventory_line_group_export,specific_security.stock_inventory_line_group_export,specific_security.group_export,stock.model_stock_inventory_line,True
specific_export_manager.stock_location_group_export,specific_security.stock_location_group_export,specific_security.group_export,stock.model_stock_location,True
specific_export_manager.stock_location_path_group_export,specific_security.stock_location_path_group_export,specific_security.group_export,stock.model_stock_location_path,True
specific_export_manager.stock_move_operation_link_group_export,specific_security.stock_move_operation_link_group_export,specific_security.group_export,stock.model_stock_move_operation_link,True
specific_export_manager.stock_pack_operation_group_export,specific_security.stock_pack_operation_group_export,specific_security.group_export,stock.model_stock_pack_operation,True
specific_export_manager.stock_pack_operation_lot_group_export,specific_security.stock_pack_operation_lot_group_export,specific_security.group_export,stock.model_stock_pack_operation_lot,True
specific_export_manager.stock_picking_type_group_export,specific_security.stock_picking_type_group_export,specific_security.group_export,stock.model_stock_picking_type,True
specific_export_manager.stock_production_lot_group_export,specific_security.stock_production_lot_group_export,specific_security.group_export,stock.model_stock_production_lot,True
specific_export_manager.stock_quant_group_export,specific_security.stock_quant_group_export,specific_security.group_export,stock.model_stock_quant,True
specific_export_manager.stock_quant_package_group_export,specific_security.stock_quant_package_group_export,specific_security.group_export,stock.model_stock_quant_package,True
specific_export_manager.stock_scrap_group_export,specific_security.stock_scrap_group_export,specific_security.group_export,stock.model_stock_scrap,True
specific_export_manager.stock_warehouse_orderpoint_group_export,specific_security.stock_warehouse_orderpoint_group_export,specific_security.group_export,stock.model_stock_warehouse_orderpoint,True
specific_export_manager.subscription_document_group_export,specific_security.subscription_document_group_export,specific_security.group_export,subscription.model_subscription_document,True
specific_export_manager.subscription_document_fields_group_export,specific_security.subscription_document_fields_group_export,specific_security.group_export,subscription.model_subscription_document_fields,True
specific_export_manager.subscription_subscription_group_export,specific_security.subscription_subscription_group_export,specific_security.group_export,subscription.model_subscription_subscription,True
specific_export_manager.subscription_subscription_history_group_export,specific_security.subscription_subscription_history_group_export,specific_security.group_export,subscription.model_subscription_subscription_history,True
specific_export_manager.survey_label_group_export,specific_security.survey_label_group_export,specific_security.group_export,survey.model_survey_label,True
specific_export_manager.survey_page_group_export,specific_security.survey_page_group_export,specific_security.group_export,survey.model_survey_page,True
specific_export_manager.survey_question_group_export,specific_security.survey_question_group_export,specific_security.group_export,survey.model_survey_question,True
specific_export_manager.survey_stage_group_export,specific_security.survey_stage_group_export,specific_security.group_export,survey.model_survey_stage,True
specific_export_manager.survey_survey_group_export,specific_security.survey_survey_group_export,specific_security.group_export,survey.model_survey_survey,True
specific_export_manager.survey_user_input_group_export,specific_security.survey_user_input_group_export,specific_security.group_export,survey.model_survey_user_input,True
specific_export_manager.web_editor_converter_test_group_export,specific_security.web_editor_converter_test_group_export,specific_security.group_export,web_editor.model_web_editor_converter_test,True
specific_export_manager.web_editor_converter_test_sub_group_export,specific_security.web_editor_converter_test_sub_group_export,specific_security.group_export,web_editor.model_web_editor_converter_test_sub,True
specific_export_manager.web_tour_tour_group_export,specific_security.web_tour_tour_group_export,specific_security.group_export,web_tour.model_web_tour_tour,True
specific_export_manager.website_group_export,specific_security.website_group_export,specific_security.group_export,website.model_website,True
specific_export_manager.website_menu_group_export,specific_security.website_menu_group_export,specific_security.group_export,website.model_website_menu,True
specific_export_manager.website_seo_metadata_group_export,specific_security.website_seo_metadata_group_export,specific_security.group_export,website.model_website_seo_metadata,True
