id;categ_id/id;name;list_price
scenario.product_product_depil_femmes_seance_jambe_3-4_cuisses;scenario.product_category_depil_femmes_seance_jambe;Dépilation 3/4 Cuisses 1 Séance Femme;153.33
scenario.product_product_depil_femmes_forfait_jambe_3-4_cuisses;scenario.product_category_depil_femmes_forfait_jambe;Dépilation 3/4 Cuisses Femme;766.67
scenario.product_product_depil_femmes_seance_jambe_3-4_jambes;scenario.product_category_depil_femmes_seance_jambe;Dépilation 3/4 Jambes 1 Séance Femme;231.67
scenario.product_product_depil_femmes_forfait_jambe_3-4_jambes;scenario.product_category_depil_femmes_forfait_jambe;Dépilation 3/4 Jambes Femme;1158.33
scenario.product_depil_femmes_forfait_aiselles;scenario.product_category_depil_femmes_forfait;Dépilation Aiselles Femme;366.67
scenario.product_depil_femmes_seance_aisselles;scenario.product_category_depil_femmes_seance;Dépilation Aisselles 1 Séance Femme;73.33
scenario.product_depil_hommes_seance_aisselles;scenario.product_category_depil_hommes_seance;Dépilation Aisselles 1 Séance Homme;73.33
scenario.product_depil_hommes_forfait_aisselles;scenario.product_category_depil_hommes_forfait;Dépilation Aisselles Homme;366.67
scenario.product_depil_hommes_seance_aréoles;scenario.product_category_depil_hommes_seance;Dépilation Aréoles 1 Séance (zone Hormono-dépendante) Homme;53.33
scenario.product_depil_hommes_forfait_aréoles_forfait_6_séances;scenario.product_category_depil_hommes_forfait;Dépilation Aréoles Forfait 6 Séances (zone Hormono-dépendante) Homme;266.67
scenario.product_depil_femmes_seance_aréoles;scenario.product_category_depil_femmes_seance;Dépilation Aréoles 1 Séance (zone Hormono-dépendante) Femme;53.33
scenario.product_depil_femmes_seance_bande_ventre;scenario.product_category_depil_femmes_seance;Dépilation Bande Ventre 1 Séance (zone Hormono-dépendante) Femme;58.33
scenario.product_depil_hommes_seance_visage_barbe;scenario.product_category_depil_hommes_seance_visage;Dépilation Barbe 1 Séance Homme;116.67
scenario.product_depil_hommes_forfait_visage_barbe;scenario.product_category_depil_hommes_forfait_visage;Dépilation Barbe Homme;583.33
scenario.product_depil_femmes_seance_bas_du_dos_-_région_lombaire;scenario.product_category_depil_femmes_seance;Dépilation Bas Du Dos / Région Lombaire 1 Séance (zone Hormono-dépendante) Femme;58.33
scenario.product_depil_hommes_seance_bas_du_dos;scenario.product_category_depil_hommes_seance;Dépilation Bas Du Dos 1 Séance (zone Hormono-dépendante) Homme;91.67
scenario.product_depil_hommes_forfait_bas_du_dos_forfait_6_séances;scenario.product_category_depil_hommes_forfait;Dépilation Bas Du Dos Forfait 6 Séances (zone Hormono-dépendante) Homme;458.33
scenario.product_depil_hommes_forfait_bras_complets;scenario.product_category_depil_hommes_forfait;Dépilation Bras Complets Homme;833.33
scenario.product_depil_femmes_seance_bras_complets;scenario.product_category_depil_femmes_seance;Dépilation Bras Complets 1 Séance Femme;150
scenario.product_depil_hommes_seance_bras_complets;scenario.product_category_depil_hommes_seance;Dépilation Bras Complets 1 Séance Homme;166.67
scenario.product_depil_hommes_seance_chemin_de_l'homme_bande_ventre;scenario.product_category_depil_hommes_seance;Dépilation Chemin De L'homme (bande Ventre) 1 Séance (zone Hormono-dépendante) Homme;75
scenario.product_depil_hommes_forfait_chemin_de_l'homme_bande_ventre_forfait_6_séances;scenario.product_category_depil_hommes_forfait;Dépilation Chemin De L'homme (bande Ventre) Forfait 6 Séances (zone Hormono-dépendante) Homme;375
scenario.product_depil_hommes_seance_collier_torse;scenario.product_category_depil_hommes_seance;Dépilation Collier (Torse - zone Hormono-dépendante) 1 Séance Homme;66.67
scenario.product_depil_hommes_forfait_collier_torse;scenario.product_category_depil_hommes_forfait;Dépilation Collier (Torse - zone Hormono-dépendante) Homme;333.33
scenario.product_depil_hommes_seance_visage_cou_barbe;scenario.product_category_depil_hommes_seance_visage;Dépilation Cou (Barbe) 1 Séance Homme;66.67
scenario.product_depil_hommes_forfait_visage_cou_barbe;scenario.product_category_depil_hommes_forfait_visage;Dépilation Cou (Barbe) Homme;333.33
scenario.product_depil_femmes_seance_visage_cou;scenario.product_category_depil_femmes_seance_visage;Dépilation Cou 1 Séance (zone Hormono-dépendante) Femme;66.67
scenario.product_depil_femmes_forfait_visage_cou_forfait_6_séances;scenario.product_category_depil_femmes_forfait_visage;Dépilation Cou Forfait 6 Séances (zone Hormono-dépendante) Femme;333.33
scenario.product_depil_hommes_forfait_jambe_cuisses;scenario.product_category_depil_hommes_forfait_jambe;Dépilation Cuisses Homme;1083.33
scenario.product_depil_femmes_seance_jambe_cuisses;scenario.product_category_depil_femmes_seance_jambe;Dépilation Cuisses 1 Séance Femme;203.33
scenario.product_depil_hommes_seance_jambe_cuisses;scenario.product_category_depil_hommes_seance_jambe;Dépilation Cuisses 1 Séance Homme;216.67
scenario.product_depil_femmes_forfait_jambe_cuisses;scenario.product_category_depil_femmes_forfait_jambe;Dépilation Cuisses Femme;1016.67
scenario.product_depil_femmes_seance_demi-bras;scenario.product_category_depil_femmes_seance;Dépilation Demi-bras 1 Séance Femme;103.33
scenario.product_depil_hommes_seance_demi-bras;scenario.product_category_depil_hommes_seance;Dépilation Demi-bras 1 Séance Homme;111.67
scenario.product_depil_hommes_forfait_demi-bras;scenario.product_category_depil_hommes_forfait;Dépilation Demi-bras Homme;558.33
scenario.product_depil_femmes_forfait_jambe_demi-cuisses_arrière_ou_devant_de_cuisses;scenario.product_category_depil_femmes_forfait_jambe;Dépilation Demi-cuisses (arrière Ou Devant De Cuisses) Femme;600
scenario.product_depil_femmes_seance_jambe_demi-cuisses__arrière_ou_devant_de_cuisses;scenario.product_category_depil_femmes_seance_jambe;Dépilation Demi-cuisses  (arrière Ou Devant De Cuisses) 1 Séance Femme;120
scenario.product_depil_femmes_seance_demi-dos;scenario.product_category_depil_femmes_seance;Dépilation Demi-dos 1 Séance (zone Hormono-dépendante) Femme;133.33
scenario.product_depil_hommes_seance_demi-dos;scenario.product_category_depil_hommes_seance;Dépilation Demi-dos 1 Séance (zone Hormono-dépendante) Homme;148.33
scenario.product_depil_hommes_forfait_demi-dos_forfait_6_séances;scenario.product_category_depil_hommes_forfait;Dépilation Demi-dos Forfait 6 Séances (zone Hormono-dépendante) Homme;741.67
scenario.product_depil_femmes_seance_jambe_demi-jambes;scenario.product_category_depil_femmes_seance_jambe;Dépilation Demi-jambes 1 Séance Femme;203.33
scenario.product_depil_hommes_seance_jambe_demi-jambes;scenario.product_category_depil_hommes_seance_jambe;Dépilation Demi-jambes 1 Séance Homme;216.67
scenario.product_depil_femmes_forfait_jambe_demi-jambes;scenario.product_category_depil_femmes_forfait_jambe;Dépilation Demi-jambes Femme;1016.67
scenario.product_depil_hommes_forfait_jambe_demi-jambes;scenario.product_category_depil_hommes_forfait_jambe;Dépilation Demi-jambes Homme;1083.33
scenario.product_depil_femmes_seance_dos;scenario.product_category_depil_femmes_seance;Dépilation Dos 1 Séance (zone Hormono-dépendante) Femme;220
scenario.product_depil_hommes_seance_dos;scenario.product_category_depil_hommes_seance;Dépilation Dos 1 Séance (zone Hormono-dépendante) Homme;233.33
scenario.product_depil_hommes_forfait_dos_forfait_6_séances;scenario.product_category_depil_hommes_forfait;Dépilation Dos Forfait 6 Séances (zone Hormono-dépendante) Homme;1166.67
scenario.product_depil_hommes_forfait_epaules_forfait_6_séances;scenario.product_category_depil_hommes_forfait;Dépilation Epaules Forfait 6 Séances (zone Hormono-dépendante) Homme;541.67
scenario.product_depil_femmes_seance_epaules;scenario.product_category_depil_femmes_seance;Dépilation Epaules 1 Séance (zone Hormono-dépendante) Femme;108.33
scenario.product_depil_hommes_seance_epaules;scenario.product_category_depil_hommes_seance;Dépilation Epaules 1 Séance (zone Hormono-dépendante) Homme;108.33
scenario.product_depil_femmes_forfait_jambe_fesses;scenario.product_category_depil_femmes_forfait_jambe;Dépilation Fesses Femme;750
scenario.product_depil_femmes_seance_jambe_fesses;scenario.product_category_depil_femmes_seance_jambe;Dépilation Fesses 1 Séance Femme;150
scenario.product_depil_hommes_seance_jambe_fesses;scenario.product_category_depil_hommes_seance_jambe;Dépilation Fesses 1 Séance Homme;175
scenario.product_depil_hommes_forfait_jambe_fesses;scenario.product_category_depil_hommes_forfait_jambe;Dépilation Fesses Homme;875
scenario.product_depil_femmes_seance_inter-poitrine;scenario.product_category_depil_femmes_seance;Dépilation Inter-poitrine 1 Séance (zone Hormono-dépendante) Femme;58.33
scenario.product_depil_femmes_seance_visage_inter-sourcilier;scenario.product_category_depil_femmes_seance_visage;Dépilation Inter-sourcilier 1 Séance Femme;33.33
scenario.product_depil_hommes_seance_visage_inter-sourcilier;scenario.product_category_depil_hommes_seance_visage;Dépilation Inter-sourcilier 1 Séance Homme;33.33
scenario.product_depil_femmes_forfait_visage_inter-sourcilier;scenario.product_category_depil_femmes_forfait_visage;Dépilation Inter-sourcilier Femme;166.67
scenario.product_depil_hommes_forfait_visage_inter-sourcilier;scenario.product_category_depil_hommes_forfait_visage;Dépilation Inter-sourcilier Homme;166.67
scenario.product_depil_femmes_seance_jambe_intérieur_cuisses;scenario.product_category_depil_femmes_seance_jambe;Dépilation Intérieur Cuisses 1 Séance Femme;94
scenario.product_depil_femmes_forfait_jambe_intérieur_cuisses;scenario.product_category_depil_femmes_forfait_jambe;Dépilation Intérieur Cuisses Femme;391.67
scenario.product_depil_hommes_forfait_jambe_jambes_complètes;scenario.product_category_depil_hommes_forfait_jambe;Dépilation Jambes Complètes Homme;1541.67
scenario.product_depil_femmes_seance_jambe_jambes_complètes;scenario.product_category_depil_femmes_seance_jambe;Dépilation Jambes Complètes 1 Séance Femme;300
scenario.product_depil_hommes_seance_jambe_jambes_complètes;scenario.product_category_depil_hommes_seance_jambe;Dépilation Jambes Complètes 1 Séance Homme;308.33
scenario.product_depil_femmes_forfait_jambe_jambes_complètes_;scenario.product_category_depil_femmes_forfait_jambe;Dépilation Jambes Complètes Femme ;1500
scenario.product_depil_femmes_forfait_visage_lèvre_supérieure_forfait_6_séances;scenario.product_category_depil_femmes_forfait_visage;Dépilation Lèvre Supérieure Forfait 6 Séances (zone Hormono-dépendante) Femme;208.33
scenario.product_depil_femmes_seance_visage_lèvre_supérieure;scenario.product_category_depil_femmes_seance_visage;Dépilation Lèvre Supérieure 1 Séance (zone Hormono-dépendante) Femme;41.67
scenario.product_depil_femmes_seance_maillot_lèvres_maillot;scenario.product_category_depil_femmes_seance_maillot;Dépilation Lèvres Maillot 1 Séance Femme;45
scenario.product_depil_femmes_forfait_maillot_lèvres_maillot;scenario.product_category_depil_femmes_forfait_maillot;Dépilation Lèvres Maillot Femme;225
scenario.product_depil_hommes_seance_visage_ligne_de_cou;scenario.product_category_depil_hommes_seance_visage;Dépilation Ligne De Cou 1 Séance Homme;66.67
scenario.product_depil_hommes_forfait_visage_ligne_du_cou;scenario.product_category_depil_hommes_forfait_visage;Dépilation Ligne Du Cou Homme;333.33
scenario.product_depil_femmes_seance_maillot_maillot_américain;scenario.product_category_depil_femmes_seance_maillot;Dépilation Maillot Américain 1 Séance Femme;120.83
scenario.product_depil_hommes_seance_maillot_maillot_américain;scenario.product_category_depil_hommes_seance_maillot;Dépilation Maillot Américain 1 Séance Homme;120.83
scenario.product_depil_femmes_forfait_maillotcomplement_maillot_américain_complément;scenario.product_category_depil_femmes_forfait_maillotcomplement;Dépilation Maillot Américain Complément Femme;315.83
scenario.product_depil_femmes_seance_maillot_maillot_américain_et_sillon_inter-fessier;scenario.product_category_depil_femmes_seance_maillot;Dépilation Maillot Américain Et Sillon Inter-fessier 1 Séance Femme;137.5
scenario.product_depil_hommes_seance_maillot_maillot_américain_et_sillon_inter-fessier;scenario.product_category_depil_hommes_seance_maillot;Dépilation Maillot Américain Et Sillon Inter-fessier 1 Séance Homme;137.5
scenario.product_depil_femmes_forfait_maillotcomplement_maillot_américain_et_sillon_inter-fessier_complément;scenario.product_category_depil_femmes_forfait_maillotcomplement;Dépilation Maillot Américain Et Sillon Inter-fessier Complément Femme;433.33
scenario.product_depil_femmes_forfait_maillot_maillot_américain_et_sillon_inter-fessier;scenario.product_category_depil_femmes_forfait_maillot;Dépilation Maillot Américain Et Sillon Inter-fessier Femme;687.5
scenario.product_depil_hommes_forfait_maillot_maillot_américain_et_sillon_inter-fessier;scenario.product_category_depil_hommes_forfait_maillot;Dépilation Maillot Américain Et Sillon Inter-fessier Homme;687.5
scenario.product_depil_femmes_forfait_maillot_maillot_américain;scenario.product_category_depil_femmes_forfait_maillot;Dépilation Maillot Américain Femme;604.17
scenario.product_depil_hommes_forfait_maillot_maillot_américains;scenario.product_category_depil_hommes_forfait_maillot;Dépilation Maillot Américain Hommes;604.16
scenario.product_depil_femmes_seance_maillot_maillot_classique;scenario.product_category_depil_femmes_seance_maillot;Dépilation Maillot Classique 1 Séance Femme;73.33
scenario.product_depil_hommes_seance_maillot_maillot_classique;scenario.product_category_depil_hommes_seance_maillot;Dépilation Maillot Classique 1 Séance Homme;73.33
scenario.product_depil_femmes_forfait_maillot_maillot_classique;scenario.product_category_depil_femmes_forfait_maillot;Dépilation Maillot Classique Femme;366.67
scenario.product_depil_hommes_forfait_maillot_maillot_classique;scenario.product_category_depil_hommes_forfait_maillot;Dépilation Maillot Classique Homme;366.67
scenario.product_depil_femmes_seance_maillot_maillot_echancré_+_sillon_inter-fessier;scenario.product_category_depil_femmes_seance_maillot;Dépilation Maillot Echancré + Sillon Inter-fessier 1 Séance Femme;120
scenario.product_depil_femmes_seance_maillot_maillot_echancré;scenario.product_category_depil_femmes_seance_maillot;Dépilation Maillot Echancré 1 Séance Femme;104.16
scenario.product_depil_hommes_seance_maillot_maillot_echancré;scenario.product_category_depil_hommes_seance_maillot;Dépilation Maillot Echancré 1 Séance Homme;104.16
scenario.product_depil_femmes_forfait_maillotcomplement_maillot_echancré_complément;scenario.product_category_depil_femmes_forfait_maillotcomplement;Dépilation Maillot Echancré Complément Femme;232.5
scenario.product_depil_femmes_forfait_maillot_maillot_echancré;scenario.product_category_depil_femmes_forfait_maillot;Dépilation Maillot Echancré Femme;520.83
scenario.product_depil_femmes_forfait_maillot_maillot_echancré_+_dépilation_sillon_inter-fessier;scenario.product_category_depil_femmes_forfait_maillot;Dépilation Maillot Echancré Femme + Dépilation Sillon Inter-fessier Femme;600
scenario.product_depil_hommes_forfait_maillot_maillot_echancré;scenario.product_category_depil_hommes_forfait_maillot;Dépilation Maillot Echancré Homme;520.83
scenario.product_depil_femmes_seance_maillot_maillot_intégral;scenario.product_category_depil_femmes_seance_maillot;Dépilation Maillot Intégral 1 Séance Femme;137.5
scenario.product_depil_hommes_seance_maillot_maillot_intégral;scenario.product_category_depil_hommes_seance_maillot;Dépilation Maillot Intégral 1 Séance Homme;137.5
scenario.product_depil_femmes_forfait_maillotcomplement_maillot_intégral_complément;scenario.product_category_depil_femmes_forfait_maillotcomplement;Dépilation Maillot Intégral Complément Femme;433.33
scenario.product_depil_femmes_forfait_maillot_maillot_intégral;scenario.product_category_depil_femmes_forfait_maillot;Dépilation Maillot Intégral Femme;687.5
scenario.product_depil_hommes_forfait_maillot_maillot_intégral;scenario.product_category_depil_hommes_forfait_maillot;Dépilation Maillot Intégral Homme;687.5
scenario.product_depil_hommes_forfait_mains_forfait_6_séances;scenario.product_category_depil_hommes_forfait;Dépilation Mains Forfait 6 Séances (zone Hormono-dépendante) Homme;391.67
scenario.product_depil_femmes_seance_mains;scenario.product_category_depil_femmes_seance;Dépilation Mains 1 Séance (zone Hormono-dépendante) Femme;75
scenario.product_depil_hommes_seance_mains;scenario.product_category_depil_hommes_seance;Dépilation Mains 1 Séance (zone Hormono-dépendante) Homme;78.33
scenario.product_depil_femmes_forfait_visage_menton_forfait_6_séances;scenario.product_category_depil_femmes_forfait_visage;Dépilation Menton Forfait 6 Séances (zone Hormono-dépendante) Femme;208.33
scenario.product_depil_femmes_seance_visage_menton;scenario.product_category_depil_femmes_seance_visage;Dépilation Menton 1 Séance (zone Hormono-dépendante) Femme;41.67
scenario.product_depil_femmes_seance_visage_menton_xl;scenario.product_category_depil_femmes_seance_visage;Dépilation Menton XL 1 Séance (zone Hormono-dépendante) Femme;58.33
scenario.product_depil_femmes_forfait_visage_menton_xl_forfait_6_séances;scenario.product_category_depil_femmes_forfait_visage;Dépilation Menton XL Forfait 6 Séances (zone Hormono-dépendante) Femme;291.67
scenario.product_depil_hommes_forfait_visage_nuque_forfait_6_séances;scenario.product_category_depil_hommes_forfait_visage;Dépilation Nuque Forfait 6 Séances (zone Hormono-dépendante) Homme;333.33
scenario.product_depil_femmes_seance_visage_nuque;scenario.product_category_depil_femmes_seance_visage;Dépilation Nuque 1 Séance (zone Hormono-dépendante) Femme;66.67
scenario.product_depil_hommes_seance_visage_nuque;scenario.product_category_depil_hommes_seance_visage;Dépilation Nuque 1 Séance (zone Hormono-dépendante) Homme;66.67
scenario.product_depil_femmes_seance_pieds;scenario.product_category_depil_femmes_seance;Dépilation Pieds 1 Séance Femme;66.67
scenario.product_depil_hommes_seance_pieds;scenario.product_category_depil_hommes_seance;Dépilation Pieds 1 Séance Homme;78.33
scenario.product_depil_femmes_forfait_jambe_pieds;scenario.product_category_depil_femmes_forfait_jambe;Dépilation Pieds Femme;333.33
scenario.product_depil_hommes_forfait_jambe_pieds;scenario.product_category_depil_hommes_forfait_jambe;Dépilation Pieds Homme;391.67
scenario.product_depil_hommes_seance_visage_pommettes;scenario.product_category_depil_hommes_seance_visage;Dépilation Pommettes 1 Séance Homme;60
scenario.product_depil_hommes_forfait_visage_pommettes;scenario.product_category_depil_hommes_forfait_visage;Dépilation Pommettes Homme;300
scenario.product_depil_femmes_seance_jambe_rond_de_fesses;scenario.product_category_depil_femmes_seance_jambe;Dépilation Rond De Fesses 1 Séance Femme;75
scenario.product_depil_femmes_forfait_jambe_rond_de_fesses;scenario.product_category_depil_femmes_forfait_jambe;Dépilation Rond De Fesses Femme;375
scenario.product_depil_femmes_seance_maillot_sillon_inter-fessier;scenario.product_category_depil_femmes_seance_maillot;Dépilation Sillon Inter-fessier 1 Séance Femme;50
scenario.product_depil_hommes_seance_maillot_sillon_inter-fessier;scenario.product_category_depil_hommes_seance_maillot;Dépilation Sillon Inter-fessier 1 Séance Homme;58.33
scenario.product_depil_femmes_forfait_maillot_sillon_inter-fessier;scenario.product_category_depil_femmes_forfait_maillot;Dépilation Sillon Inter-fessier Femme;250
scenario.product_depil_hommes_forfait_maillot_sillon_inter-fessier;scenario.product_category_depil_hommes_forfait_maillot;Dépilation Sillon Inter-fessier Homme;291.67
scenario.product_depil_hommes_seance_torse_et_ventre;scenario.product_category_depil_hommes_seance;Dépilation Torse Et Ventre 1 Séance (zone Hormono-dépendante) Homme;216.67
scenario.product_depil_hommes_seance_torse;scenario.product_category_depil_hommes_seance;Dépilation Torse 1 Séance (zone Hormono-dépendante) Homme;126.67
scenario.product_depil_hommes_forfait_torse_et_ventre_forfait_6_séances;scenario.product_category_depil_hommes_forfait;Dépilation Torse Et Ventre Forfait 6 Séances (zone Hormono-dépendante) Homme;103.33
scenario.product_depil_hommes_forfait_torse_forfait_6_séances;scenario.product_category_depil_hommes_forfait;Dépilation Torse Forfait 6 Séances (zone Hormono-dépendante) Homme;633.33
scenario.product_depil_hommes_forfait_ventre_forfait_6_séances;scenario.product_category_depil_hommes_forfait;Dépilation Ventre Forfait 6 Séances (zone Hormono-dépendante) Homme;633.33
scenario.product_depil_femmes_seance_ventre;scenario.product_category_depil_femmes_seance;Dépilation Ventre 1 Séance (zone Hormono-dépendante) Femme;150
scenario.product_depil_hommes_seance_ventre;scenario.product_category_depil_hommes_seance;Dépilation Ventre 1 Séance (zone Hormono-dépendante) Homme;126.67
scenario.product_depil_femmes_forfait_visage_visage_forfait_6_séances;scenario.product_category_depil_femmes_forfait_visage;Dépilation Visage Forfait 6 Séances (zone Hormono-dépendante) Femme;458.33
scenario.product_dermlight_esthederm_1seance_cou_soin_anti-rides;scenario.product_category_dermlight_esthederm_1seance_cou;Derm Light Cou Soin Anti-rides 1 Séance;66.67
scenario.product_dermlight_esthederm_3seances_cou_soin_anti-rides_3_séances;scenario.product_category_dermlight_esthederm_3seances_cou;Derm Light Cou Soin Anti-rides 3 Séances;190
scenario.product_dermlight_esthederm_5seances_cou_soin_anti-rides_5_séances;scenario.product_category_dermlight_esthederm_5seances_cou;Derm Light Cou Soin Anti-rides 5 Séances;300
scenario.product_dermlight_esthederm_1seance_cou_soin_anti-taches_clarifiant;scenario.product_category_dermlight_esthederm_1seance_cou;Derm Light Cou Soin Anti-taches Clarifiant 1 Séance;66.67
scenario.product_dermlight_esthederm_3seances_cou_soin_anti-taches_clarifiant_3_séances;scenario.product_category_dermlight_esthederm_3seances_cou;Derm Light Cou Soin Anti-taches Clarifiant 3 Séances;190
scenario.product_dermlight_esthederm_5seances_cou_soin_anti-taches_clarifiant_5_séances;scenario.product_category_dermlight_esthederm_5seances_cou;Derm Light Cou Soin Anti-taches Clarifiant 5 Séances;300
scenario.product_dermlight_esthederm_1seance_cou_soin_détox_oxygénant;scenario.product_category_dermlight_esthederm_1seance_cou;Derm Light Cou Soin Détox Oxygénant 1 Séance;66.67
scenario.product_dermlight_esthederm_3seances_cou_soin_détox_oxygénant_3_séances;scenario.product_category_dermlight_esthederm_3seances_cou;Derm Light Cou Soin Détox Oxygénant 3 Séances;190
scenario.product_dermlight_esthederm_5seances_cou_soin_détox_oxygénant_5_séances;scenario.product_category_dermlight_esthederm_5seances_cou;Derm Light Cou Soin Détox Oxygénant 5 Séances;300
scenario.product_dermlight_clayton-shagal_1seance_cou_soin_hydra_repulp_18-30_ans;scenario.product_category_dermlight_Clayton-Shagal_1seance_cou;Derm Light Cou Soin Hydra Repulp (18-30 ans) 1 Séance;66.67
scenario.product_dermlight_clayton-shagal_3seances_cou_soin_hydra_repulp_18-30_ans_3_séances;scenario.product_category_dermlight_Clayton-Shagal_3seances_cou;Derm Light Cou Soin Hydra Repulp (18-30 ans) 3 Séances;190
scenario.product_dermlight_clayton-shagal_5seances_cou_soin_hydra_repulp_18-30_ans_5_séances;scenario.product_category_dermlight_Clayton-Shagal_5seances_cou;Derm Light Cou Soin Hydra Repulp (18-30 ans) 5 Séances;300
scenario.product_dermlight_clayton-shagal_1seance_cou_soin_perfect_lift_30-50_ans;scenario.product_category_dermlight_Clayton-Shagal_1seance_cou;Derm Light Cou Soin Perfect Lift (30-50 ans) 1 Séance;66.67
scenario.product_dermlight_clayton-shagal_3seances_cou_soin_perfect_lift_30-50_ans_3_séances;scenario.product_category_dermlight_Clayton-Shagal_3seances_cou;Derm Light Cou Soin Perfect Lift (30-50 ans) 3 Séances;190
scenario.product_dermlight_clayton-shagal_5seances_cou_soin_perfect_lift_30-50_ans_5_séances;scenario.product_category_dermlight_Clayton-Shagal_5seances_cou;Derm Light Cou Soin Perfect Lift (30-50 ans) 5 Séances;300
scenario.product_dermlight_clayton-shagal_1seance_cou_soin_richesse_+50_ans;scenario.product_category_dermlight_Clayton-Shagal_1seance_cou;Derm Light Cou Soin Richesse (+50 ans) 1 Séance;66.67
scenario.product_dermlight_clayton-shagal_3seances_cou_soin_richesse_+50_ans_3_séances;scenario.product_category_dermlight_Clayton-Shagal_3seances_cou;Derm Light Cou Soin Richesse (+50 ans) 3 Séances;190
scenario.product_dermlight_clayton-shagal_5seances_cou_soin_richesse_+50_ans_5_séances;scenario.product_category_dermlight_Clayton-Shagal_5seances_cou;Derm Light Cou Soin Richesse (+50 ans) 5 Séances;300
scenario.product_dermlight_esthederm_1seance_decollete_soin_anti-rides;scenario.product_category_dermlight_esthederm_1seance_decollete;Derm Light Décolleté Soin Anti-rides 1 Séance;100
scenario.product_dermlight_esthederm_3seances_decollete_soin_anti-rides_3_séances;scenario.product_category_dermlight_esthederm_3seances_decollete;Derm Light Décolleté Soin Anti-rides 3 Séances;283.33
scenario.product_dermlight_esthederm_5seances_decollete_soin_anti-rides_5_séances;scenario.product_category_dermlight_esthederm_5seances_decollete;Derm Light Décolleté Soin Anti-rides 5 Séances;450
scenario.product_dermlight_esthederm_1seance_decollete_soin_anti-taches_clarifiant;scenario.product_category_dermlight_esthederm_1seance_decollete;Derm Light Décolleté Soin Anti-taches Clarifiant 1 Séance;100
scenario.product_dermlight_esthederm_3seances_decollete_soin_anti-taches_clarifiant_3_séances;scenario.product_category_dermlight_esthederm_3seances_decollete;Derm Light Décolleté Soin Anti-taches Clarifiant 3 Séances;283.33
scenario.product_dermlight_esthederm_5seances_decollete_soin_anti-taches_clarifiant_5_séances;scenario.product_category_dermlight_esthederm_5seances_decollete;Derm Light Décolleté Soin Anti-taches Clarifiant 5 Séances;450
scenario.product_dermlight_esthederm_1seance_decollete_soin_détox_oxygénant;scenario.product_category_dermlight_esthederm_1seance_decollete;Derm Light Décolleté Soin Détox Oxygénant 1 Séance;100
scenario.product_dermlight_esthederm_3seances_decollete_soin_détox_oxygénant_3_séances;scenario.product_category_dermlight_esthederm_3seances_decollete;Derm Light Décolleté Soin Détox Oxygénant 3 Séances;283.33
scenario.product_dermlight_esthederm_5seances_decollete_soin_détox_oxygénant_5_séances;scenario.product_category_dermlight_esthederm_5seances_decollete;Derm Light Décolleté Soin Détox Oxygénant 5 Séances;450
scenario.product_dermlight_clayton-shagal_1seance_decollete_soin_hydra_repulp_18-30_ans;scenario.product_category_dermlight_Clayton-Shagal_1seance_decollete;Derm Light Décolleté Soin Hydra Repulp (18-30 ans) 1 Séance;100
scenario.product_dermlight_clayton-shagal_3seances_decollete_soin_hydra_repulp_18-30_ans_3_séances;scenario.product_category_dermlight_Clayton-Shagal_3seances_decollete;Derm Light Décolleté Soin Hydra Repulp (18-30 ans) 3 Séances;283.33
scenario.product_dermlight_clayton-shagal_5seances_decollete_soin_hydra_repulp_18-30_ans_5_séances;scenario.product_category_dermlight_Clayton-Shagal_5seances_decollete;Derm Light Décolleté Soin Hydra Repulp (18-30 ans) 5 Séances;450
scenario.product_dermlight_clayton-shagal_1seance_decollete_soin_perfect_lift_30-50_ans;scenario.product_category_dermlight_Clayton-Shagal_1seance_decollete;Derm Light Décolleté Soin Perfect Lift (30-50 ans) 1 Séance;100
scenario.product_dermlight_clayton-shagal_3seances_decollete_soin_perfect_lift_30-50_ans_3_séances;scenario.product_category_dermlight_Clayton-Shagal_3seances_decollete;Derm Light Décolleté Soin Perfect Lift (30-50 ans) 3 Séances;283.33
scenario.product_dermlight_clayton-shagal_5seances_decollete_soin_perfect_lift_30-50_ans_5_séances;scenario.product_category_dermlight_Clayton-Shagal_5seances_decollete;Derm Light Décolleté Soin Perfect Lift (30-50 ans) 5 Séances;450
scenario.product_dermlight_clayton-shagal_1seance_decollete_soin_richesse_+50_ans;scenario.product_category_dermlight_Clayton-Shagal_1seance_decollete;Derm Light Décolleté Soin Richesse (+50 ans) 1 Séance;100
scenario.product_dermlight_clayton-shagal_3seances_decollete_soin_richesse_+50_ans_3_séances;scenario.product_category_dermlight_Clayton-Shagal_3seances_decollete;Derm Light Décolleté Soin Richesse (+50 ans) 3 Séances;283.33
scenario.product_dermlight_clayton-shagal_5seances_decollete_soin_richesse_+50_ans_5_séances;scenario.product_category_dermlight_Clayton-Shagal_5seances_decollete;Derm Light Décolleté Soin Richesse (+50 ans) 5 Séances;450
scenario.product_dermlight_esthederm_1seance_main_soin_anti-rides;scenario.product_category_dermlight_esthederm_1seance_main;Derm Light Mains Soin Anti-rides 1 Séance;66.67
scenario.product_dermlight_esthederm_3seances_main_soin_anti-rides_3_séances;scenario.product_category_dermlight_esthederm_3seances_main;Derm Light Mains Soin Anti-rides 3 Séances;190
scenario.product_dermlight_esthederm_5seances_main_soin_anti-rides_5_séances;scenario.product_category_dermlight_esthederm_5seances_main;Derm Light Mains Soin Anti-rides 5 Séances;300
scenario.product_dermlight_esthederm_1seance_main_soin_anti-taches_clarifiant;scenario.product_category_dermlight_esthederm_1seance_main;Derm Light Mains Soin Anti-taches Clarifiant 1 Séance;66.67
scenario.product_dermlight_esthederm_3seances_main_soin_anti-taches_clarifiant_3_séances;scenario.product_category_dermlight_esthederm_3seances_main;Derm Light Mains Soin Anti-taches Clarifiant 3 Séances;190
scenario.product_dermlight_esthederm_5seances_main_soin_anti-taches_clarifiant_5_séances;scenario.product_category_dermlight_esthederm_5seances_main;Derm Light Mains Soin Anti-taches Clarifiant 5 Séances;300
scenario.product_dermlight_esthederm_1seance_main_soin_détox_oxygénant;scenario.product_category_dermlight_esthederm_1seance_main;Derm Light Mains Soin Détox Oxygénant 1 Séance;66.67
scenario.product_dermlight_esthederm_3seances_main_soin_détox_oxygénant_3_séances;scenario.product_category_dermlight_esthederm_3seances_main;Derm Light Mains Soin Détox Oxygénant 3 Séances;190
scenario.product_dermlight_esthederm_5seances_main_soin_détox_oxygénant_5_séances;scenario.product_category_dermlight_esthederm_5seances_main;Derm Light Mains Soin Détox Oxygénant 5 Séances;300
scenario.product_dermlight_clayton-shagal_1seance_main_soin_hydra_repulp_18-30_ans;scenario.product_category_dermlight_Clayton-Shagal_1seance_main;Derm Light Mains Soin Hydra Repulp (18-30 ans) 1 Séance;66.67
scenario.product_dermlight_clayton-shagal_3seances_main_soin_hydra_repulp_18-30_ans_3_séances;scenario.product_category_dermlight_Clayton-Shagal_3seances_main;Derm Light Mains Soin Hydra Repulp (18-30 ans) 3 Séances;190
scenario.product_dermlight_clayton-shagal_5seances_main_soin_hydra_repulp_18-30_ans_5_séances;scenario.product_category_dermlight_Clayton-Shagal_5seances_main;Derm Light Mains Soin Hydra Repulp (18-30 ans) 5 Séances;300
scenario.product_dermlight_clayton-shagal_1seance_main_soin_perfect_lift_30-50_ans;scenario.product_category_dermlight_Clayton-Shagal_1seance_main;Derm Light Mains Soin Perfect Lift (30-50 ans) 1 Séance;66.67
scenario.product_dermlight_clayton-shagal_3seances_main_soin_perfect_lift_30-50_ans_3_séances;scenario.product_category_dermlight_Clayton-Shagal_3seances_main;Derm Light Mains Soin Perfect Lift (30-50 ans) 3 Séances;190
scenario.product_dermlight_clayton-shagal_5seances_main_soin_perfect_lift_30-50_ans_5_séances;scenario.product_category_dermlight_Clayton-Shagal_5seances_main;Derm Light Mains Soin Perfect Lift (30-50 ans) 5 Séances;300
scenario.product_dermlight_clayton-shagal_1seance_main_soin_richesse_+50_ans;scenario.product_category_dermlight_Clayton-Shagal_1seance_main;Derm Light Mains Soin Richesse (+50 ans) 1 Séance;66.67
scenario.product_dermlight_clayton-shagal_3seances_main_soin_richesse_+50_ans_3_séances;scenario.product_category_dermlight_Clayton-Shagal_3seances_main;Derm Light Mains Soin Richesse (+50 ans) 3 Séances;190
scenario.product_dermlight_clayton-shagal_5seances_main_soin_richesse_+50_ans_5_séances;scenario.product_category_dermlight_Clayton-Shagal_5seances_main;Derm Light Mains Soin Richesse (+50 ans) 5 Séances;300
scenario.product_dermlight_esthederm_1seance_visage_soin_anti-rides;scenario.product_category_dermlight_esthederm_1seance_visage;Derm Light Visage Soin Anti-rides 1 Séance;116.67
scenario.product_dermlight_esthederm_3seances_visage_soin_anti-rides_3_séances;scenario.product_category_dermlight_esthederm_3seances_visage;Derm Light Visage Soin Anti-rides 3 Séances;332.5
scenario.product_dermlight_esthederm_5seances_visage_soin_anti-rides_5_séances;scenario.product_category_dermlight_esthederm_5seances_visage;Derm Light Visage Soin Anti-rides 5 Séances;525
scenario.product_dermlight_esthederm_1seance_visage_soin_anti-taches_clarifiant;scenario.product_category_dermlight_esthederm_1seance_visage;Derm Light Visage Soin Anti-taches Clarifiant 1 Séance;116.67
scenario.product_dermlight_esthederm_3seances_visage_soin_anti-taches_clarifiant_3_séances;scenario.product_category_dermlight_esthederm_3seances_visage;Derm Light Visage Soin Anti-taches Clarifiant 3 Séances;332.5
scenario.product_dermlight_esthederm_5seances_visage_soin_anti-taches_clarifiant_5_séances;scenario.product_category_dermlight_esthederm_5seances_visage;Derm Light Visage Soin Anti-taches Clarifiant 5 Séances;525
scenario.product_dermlight_esthederm_1seance_visage_soin_détox_oxygénant;scenario.product_category_dermlight_esthederm_1seance_visage;Derm Light Visage Soin Détox Oxygénant 1 Séance;116.67
scenario.product_dermlight_esthederm_3seances_visage_soin_détox_oxygénant_3_séances;scenario.product_category_dermlight_esthederm_3seances_visage;Derm Light Visage Soin Détox Oxygénant 3 Séances;332.5
scenario.product_dermlight_esthederm_5seances_visage_soin_détox_oxygénant_5_séances;scenario.product_category_dermlight_esthederm_5seances_visage;Derm Light Visage Soin Détox Oxygénant 5 Séances;525
scenario.product_dermlight_clayton-shagal_1seance_visage_soin_hydra_repulp_18-30_ans;scenario.product_category_dermlight_Clayton-Shagal_1seance_visage;Derm Light Visage Soin Hydra Repulp (18-30 ans) 1 Séance;116.67
scenario.product_dermlight_clayton-shagal_3seances_visage_soin_hydra_repulp_18-30_ans_3_séances;scenario.product_category_dermlight_Clayton-Shagal_3seances_visage;Derm Light Visage Soin Hydra Repulp (18-30 ans) 3 Séances;332.5
scenario.product_dermlight_clayton-shagal_5seances_visage_soin_hydra_repulp_18-30_ans_5_séances;scenario.product_category_dermlight_Clayton-Shagal_5seances_visage;Derm Light Visage Soin Hydra Repulp (18-30 ans) 5 Séances;525
scenario.product_dermlight_clayton-shagal_1seance_visage_soin_perfect_lift_30-50_ans;scenario.product_category_dermlight_Clayton-Shagal_1seance_visage;Derm Light Visage Soin Perfect Lift (30-50 ans) 1 Séance;116.67
scenario.product_dermlight_clayton-shagal_3seances_visage_soin_perfect_lift_30-50_ans_3_séances;scenario.product_category_dermlight_Clayton-Shagal_3seances_visage;Derm Light Visage Soin Perfect Lift (30-50 ans) 3 Séances;332.5
scenario.product_dermlight_clayton-shagal_5seances_visage_soin_perfect_lift_30-50_ans_5_séances;scenario.product_category_dermlight_Clayton-Shagal_5seances_visage;Derm Light Visage Soin Perfect Lift (30-50 ans) 5 Séances;525
scenario.product_dermlight_clayton-shagal_1seance_visage_soin_richesse_+50_ans;scenario.product_category_dermlight_Clayton-Shagal_1seance_visage;Derm Light Visage Soin Richesse (+50 ans) 1 Séance;116.67
scenario.product_dermlight_clayton-shagal_3seances_visage_soin_richesse_+50_ans_3_séances;scenario.product_category_dermlight_Clayton-Shagal_3seances_visage;Derm Light Visage Soin Richesse (+50 ans) 3 Séances;332.5
scenario.product_dermlight_clayton-shagal_5seances_visage_soin_richesse_+50_ans_5_séances;scenario.product_category_dermlight_Clayton-Shagal_5seances_visage;Derm Light Visage Soin Richesse (+50 ans) 5 Séances;525
scenario.product_coffretcosmetique_esthederm;scenario.product_category_coffretCosmetique;Coffret Esthederm;74.16
scenario.product_coffretcosmetique_clayton_shagal;scenario.product_category_coffretCosmetique;Coffret Clayton Shagal;100
scenario.product_transfertdossier_fiche_client;scenario.product_category_transfertDossier;Transfert Fiche Client;0.833
scenario.product_transfertdossier_fiche_client_sans_tva;scenario.product_category_transfertDossier;Transfert Fiche Client (sans Tva);1
scenario.product_cosmetique_clayton_preparersapeau_clear_skin_25_ml;scenario.product_category_cosmetique_clayton_preparerSaPeau;Clear Skin 25 ml;40.42
scenario.product_cosmetique_clayton_serum_concentré_d'hyprocel;scenario.product_category_cosmetique_clayton_serum;Concentré D'hyprocel;177.5
scenario.product_cosmetique_clayton_creme_crème_acnose_ultra_matifiante;scenario.product_category_cosmetique_clayton_creme;Crème Acnose Ultra Matifiante;43.33
scenario.product_cosmetique_clayton_creme_crème_corps;scenario.product_category_cosmetique_clayton_creme;Crème Corps;25
scenario.product_cosmetique_clayton_creme_crème_gel_zones_ciblées;scenario.product_category_cosmetique_clayton_creme;Crème Gel Zones Ciblées;40.42
scenario.product_cosmetique_clayton_creme_crème_hydra_light;scenario.product_category_cosmetique_clayton_creme;Crème Hydra Light;27.5
scenario.product_cosmetique_clayton_creme_crème_hydra-one;scenario.product_category_cosmetique_clayton_creme;Crème Hydra-one;43.33
scenario.product_cosmetique_clayton_creme_crème_idratance;scenario.product_category_cosmetique_clayton_creme;Crème Idratance;82.5
scenario.product_cosmetique_clayton_creme_crème_illumine;scenario.product_category_cosmetique_clayton_creme;Crème Illumine;57.5
scenario.product_cosmetique_clayton_creme_crème_mains;scenario.product_category_cosmetique_clayton_creme;Crème Mains;20.83
scenario.product_cosmetique_clayton_creme_crème_nutri_sublime;scenario.product_category_cosmetique_clayton_creme;Crème Nutri Sublime;109.16
scenario.product_cosmetique_clayton_preparersapeau_désincrustant_aah;scenario.product_category_cosmetique_clayton_preparerSaPeau;Désincrustant Aah;36.67
scenario.product_cosmetique_clayton_preparersapeau_désincrustant_au_son;scenario.product_category_cosmetique_clayton_preparerSaPeau;Désincrustant Au Son;35.42
scenario.product_cosmetique_clayton_preparersapeau_exfoliant_bambou_et_miel;scenario.product_category_cosmetique_clayton_preparerSaPeau;Exfoliant Bambou Et Miel;38.33
scenario.product_cosmetique_clayton_gel_gel_collagène_5%;scenario.product_category_cosmetique_clayton_gel;Gel Collagène (5%);60.83
scenario.product_cosmetique_clayton_gel_gel_collagène_plus_10%;scenario.product_category_cosmetique_clayton_gel;Gel Collagène Plus (10%);92.5
scenario.product_cosmetique_clayton_gel_gel_elastine_5%;scenario.product_category_cosmetique_clayton_gel;Gel Elastine (5%);60.83
scenario.product_cosmetique_clayton_gel_gel_elastine_plus_10%;scenario.product_category_cosmetique_clayton_gel;Gel Elastine Plus (10%);92.5
scenario.product_cosmetique_clayton_gel_gel_hyprocel;scenario.product_category_cosmetique_clayton_gel;Gel Hyprocel;118.33
scenario.product_cosmetique_clayton_gel_gel_nettoyant_purifiant_200_ml;scenario.product_category_cosmetique_clayton_gel;Gel Nettoyant Purifiant 200 ml;37.92
scenario.product_cosmetique_clayton_preparersapeau_lait_nettoyant;scenario.product_category_cosmetique_clayton_preparerSaPeau;Lait Nettoyant;32.92
scenario.product_cosmetique_clayton_preparersapeau_lotion_acnose;scenario.product_category_cosmetique_clayton_preparerSaPeau;Lotion Acnose;45.83
scenario.product_cosmetique_clayton_preparersapeau_lotion_gel_nettoyant_220_ml;scenario.product_category_cosmetique_clayton_preparerSaPeau;Lotion Gel Nettoyant 220 ml;32.92
scenario.product_cosmetique_clayton_preparersapeau_masque_concombre_et_avocat;scenario.product_category_cosmetique_clayton_preparerSaPeau;Masque Concombre Et Avocat;36.67
scenario.product_cosmetique_clayton_preparersapeau_masque_de_boue_mokaccino_70_ml;scenario.product_category_cosmetique_clayton_preparerSaPeau;Masque De Boue Mokaccino 70 ml;36.67
scenario.product_cosmetique_clayton_preparersapeau_masque_exfoliant_aux_aah;scenario.product_category_cosmetique_clayton_preparerSaPeau;Masque Exfoliant Aux AAH;34.58
scenario.product_cosmetique_clayton_preparersapeau_masque_hydratant_-_anti-cernes;scenario.product_category_cosmetique_clayton_preparerSaPeau;Masque Hydratant / Anti-cernes;33.75
scenario.product_cosmetique_clayton_serum_sérum_collagène_40%;scenario.product_category_cosmetique_clayton_serum;Sérum Collagène (40%);130.83
scenario.product_cosmetique_clayton_serum_sérum_elastine_40%;scenario.product_category_cosmetique_clayton_serum;Sérum Elastine (40%);130.83
scenario.product_cosmetique_esthederm_soinvisage_soinprotecteur_active_de_jour_soin_essentiel_teinte_-_tube_30_ml;scenario.product_category_cosmetique_esthederm_soinVisage_soinProtecteur;Active De Jour Soin Essentiel Teinte / Tube 30 ml;24.17
scenario.product_cosmetique_esthederm_protectionsolaire_soinbronzant_adaptasun_crème_visage_-_tube_50_ml;scenario.product_category_cosmetique_esthederm_protectionSolaire_soinBronzant;Adaptasun Crème Visage / Tube 50 ml;35
scenario.product_cosmetique_esthederm_protectionsolaire_soinbronzant_adaptasun_crème_visage_peau_sensible_-_tube_50_ml;scenario.product_category_cosmetique_esthederm_protectionSolaire_soinBronzant;Adaptasun Crème Visage Peau Sensible / Tube 50 ml;40
scenario.product_cosmetique_esthederm_protectionsolaire_soinbronzant_adaptasun_lait_corps_-_flacon_200_ml;scenario.product_category_cosmetique_esthederm_protectionSolaire_soinBronzant;Adaptasun Lait Corps / Flacon 200 ml;40
scenario.product_cosmetique_esthederm_protectionsolaire_soinbronzant_adaptasun_lait_corps_peaux_sensibles_-_flacon_pompe_200_ml;scenario.product_category_cosmetique_esthederm_protectionSolaire_soinBronzant;Adaptasun Lait Corps Peaux Sensibles / Flacon Pompe 200 ml;46.67
scenario.product_cosmetique_esthederm_protectionsolaire_soinapressoleil_apres_soleil_sos_-_flacon_pompe_200_ml;scenario.product_category_cosmetique_esthederm_protectionSolaire_soinApresSoleil;Apres Soleil SOS / Flacon Pompe 200 ml;37.5
scenario.product_cosmetique_esthederm_soincorps_morphocellularcare_sculptsystem_baume_de_soin_haute_nutrition_-_pot_200_ml;scenario.product_category_cosmetique_esthederm_soinCorps_morphoCellularCare_sculptSystem;Baume De Soin Haute Nutrition / Pot 200 ml;49.17
scenario.product_cosmetique_esthederm_soinvisage_liftrepair_baume_lift_&_repair_absolu_repulp_-_pot_50_ml;scenario.product_category_cosmetique_esthederm_soinVisage_liftRepair;Baume Lift & Repair Absolu Repulp / Pot 50 ml;71.67
scenario.product_cosmetique_esthederm_protectionsolaire_soinbronzant_bronz_impulse_uv_incellium_bronzant_-_spray_150_ml;scenario.product_category_cosmetique_esthederm_protectionSolaire_soinBronzant;Bronz Impulse UV Incellium Bronzant / Spray 150 ml;41.67
scenario.product_cosmetique_esthederm_protectionsolaire_soinbronzant_bronz_repair_crème_visage_-_tube_50_ml;scenario.product_category_cosmetique_esthederm_protectionSolaire_soinBronzant;Bronz Repair Crème Visage / Tube 50 ml;55.83
scenario.product_cosmetique_esthederm_protectionsolaire_soinbronzant_bronz_repair_lait_corps_-_flacon_125_ml;scenario.product_category_cosmetique_esthederm_protectionSolaire_soinBronzant;Bronz Repair Lait Corps / Flacon 125 ml;78
scenario.product_cosmetique_esthederm_soinvisage_soinprotecteur_city_cream_extreme_de_jour_-_tube_30_ml;scenario.product_category_cosmetique_esthederm_soinVisage_soinProtecteur;City Cream Extreme De Jour / Tube 30 ml;32.5
scenario.product_cosmetique_esthederm_soinvisage_whitesystem_city_cream_extreme_de_jour_-_tube_30_ml;scenario.product_category_cosmetique_esthederm_soinVisage_whiteSystem;City Cream Extreme De Jour / Tube 30 ml;32.5
scenario.product_cosmetique_esthederm_soinvisage_concentrecellulaire_coffret_mon_rituel_aqua_cellulaire;scenario.product_category_cosmetique_esthederm_soinVisage_concentreCellulaire;Coffret Mon Rituel Aqua Cellulaire;15.83
scenario.product_cosmetique_esthederm_soinvisage_soinprotecteur_coffret_mon_rituel_aqua_cellulaire;scenario.product_category_cosmetique_esthederm_soinVisage_soinProtecteur;Coffret Mon Rituel Aqua Cellulaire;15.83
scenario.product_cosmetique_esthederm_soinvisage_eaucellulaire_coffret_mon_rituel_aqua_cellulaire;scenario.product_category_cosmetique_esthederm_soinVisage_eauCellulaire;Coffret Mon Rituel Aqua Cellulaire;15.83
scenario.product_cosmetique_esthederm_protectionsolaire_soinrefletsoleil_color_repair_-_tube_50_ml;scenario.product_category_cosmetique_esthederm_protectionSolaire_soinRefletSoleil;Color Repair / Tube 50 ml;39.17
scenario.product_cosmetique_esthederm_soinvisage_concentrecellulaire_concentre_cellulaire_serum_-_flacon_15_ml;scenario.product_category_cosmetique_esthederm_soinVisage_concentreCellulaire;Concentre Cellulaire Serum / Flacon 15 ml;52.08
scenario.product_cosmetique_esthederm_soinvisage_boostersapeau_concentre_cellulaire_serum_-_flacon_15_ml;scenario.product_category_cosmetique_esthederm_soinVisage_boosterSaPeau;Concentre Cellulaire Serum / Flacon 15 ml;52.08
scenario.product_cosmetique_esthederm_soinvisage_boostersapeau_concentre_cellulaire_serum_-_flacon_30_ml;scenario.product_category_cosmetique_esthederm_soinVisage_boosterSaPeau;Concentre Cellulaire Serum / Flacon 30 ml;65.83
scenario.product_cosmetique_esthederm_soinvisage_concentrecellulaire_concentre_cellulaire_serum_-_flacon_30_ml;scenario.product_category_cosmetique_esthederm_soinVisage_concentreCellulaire;Concentre Cellulaire Serum / Flacon 30 ml;65.83
scenario.product_cosmetique_esthederm_soinvisage_cyclosystem_concentre_de_jeunesse_21_jours_cyclo_systeme_-_flacon_50_ml_+_fourreau;scenario.product_category_cosmetique_esthederm_soinVisage_cycloSystem;Concentre De Jeunesse 21 Jours Cyclo Systeme / Flacon 50 ml + Fourreau;125
scenario.product_cosmetique_esthederm_soinvisage_puresystem_concentre_pore_refiner_pure_system_-_tube_50_ml;scenario.product_category_cosmetique_esthederm_soinVisage_pureSystem;Concentre Pore Refiner Pure System / Tube 50 ml;40.83
scenario.product_cosmetique_esthederm_protectionsolaire_soinrefletsoleil_creme_auto_bronzante_visage_hale_intense_-_tube_50_ml;scenario.product_category_cosmetique_esthederm_protectionSolaire_soinRefletSoleil;Creme Auto Bronzante Visage Hale Intense / Tube 50 ml;28.33
scenario.product_cosmetique_esthederm_protectionsolaire_soinrefletsoleil_creme_auto_bronzante_visage_hale_leger_-_tube_50_ml;scenario.product_category_cosmetique_esthederm_protectionSolaire_soinRefletSoleil;Creme Auto Bronzante Visage Hale Leger / Tube 50 ml;28.33
scenario.product_cosmetique_esthederm_soincorps_morphocellularcare_sculptsystem_creme_beaute_des_mains_-_tube_50_ml;scenario.product_category_cosmetique_esthederm_soinCorps_morphoCellularCare_sculptSystem;Creme Beaute Des Mains / Tube 50 ml;21.67
scenario.product_cosmetique_esthederm_soinvisage_activerepair_creme_correctrice_rides_active_repair_-_pot_50_ml;scenario.product_category_cosmetique_esthederm_soinVisage_activeRepair;Creme Correctrice Rides Active Repair / Pot 50 ml;53.75
scenario.product_cosmetique_esthederm_protectionsolaire_soinbronzant_creme_d'activation_-_flacon_150_ml;scenario.product_category_cosmetique_esthederm_protectionSolaire_soinBronzant;Creme D'activation / Flacon 150 ml;42.5
scenario.product_cosmetique_esthederm_soinvisage_eaucellulaire_creme_d'eau_cellulaire_-_pot_50_ml;scenario.product_category_cosmetique_esthederm_soinVisage_eauCellulaire;Creme D'eau Cellulaire / Pot 50 ml;28.33
scenario.product_cosmetique_esthederm_soinvisage_cyclosystem_creme_de_jeunesse_contour_des_levres_cyclo_system_-_tube_gloss_15_ml;scenario.product_category_cosmetique_esthederm_soinVisage_cycloSystem;Creme De Jeunesse Contour Des Levres Cyclo System / Tube Gloss 15 ml;39.17
scenario.product_cosmetique_esthederm_soinvisage_cyclosystem_creme_de_jeunesse_contour_des_yeux_cyclo_system_-_pot_15_ml;scenario.product_category_cosmetique_esthederm_soinVisage_cycloSystem;Creme De Jeunesse Contour Des Yeux Cyclo System / Pot 15 ml;57.5
scenario.product_cosmetique_esthederm_soinvisage_cyclosystem_creme_de_jeunesse_cou_et_decollete_cyclo_system_-_pot_50_ml;scenario.product_category_cosmetique_esthederm_soinVisage_cycloSystem;Creme De Jeunesse Cou Et Decollete Cyclo System / Pot 50 ml;70.83
scenario.product_cosmetique_esthederm_soinvisage_cyclosystem_creme_de_jeunesse_visage_cyclo_system_-_pot_50_ml;scenario.product_category_cosmetique_esthederm_soinVisage_cycloSystem;Creme De Jeunesse Visage Cyclo System / Pot 50 ml;91.67
scenario.product_cosmetique_esthederm_soincorps_morphocellularcare_sculptsystem_creme_de_soin_galbante_buste_-_pot_200_ml;scenario.product_category_cosmetique_esthederm_soinCorps_morphoCellularCare_sculptSystem;Creme De Soin Galbante Buste / Pot 200 ml;53.33
scenario.product_cosmetique_esthederm_soinvisage_sensisystem_creme_desensibilisante_contour_des_yeux_sensi_system_-_tube_15_ml;scenario.product_category_cosmetique_esthederm_soinVisage_sensiSystem;Creme Desensibilisante Contour Des Yeux Sensi System / Tube 15 ml;33.33
scenario.product_cosmetique_esthederm_soinvisage_sensisystem_creme_desensibilisante_sensi_system_-_flacon_50_ml;scenario.product_category_cosmetique_esthederm_soinVisage_sensiSystem;Creme Desensibilisante Sensi System / Flacon 50 ml;50.83
scenario.product_cosmetique_esthederm_soinvisage_sensisystem_creme_desensibilisante_uv_sensi_system_-_tube_50_ml;scenario.product_category_cosmetique_esthederm_soinVisage_sensiSystem;Creme Desensibilisante UV Sensi System / Tube 50 ml;58.33
scenario.product_cosmetique_esthederm_soinvisage_preparersapeau_creme_douce_desincrustante_-_tube_75_ml;scenario.product_category_cosmetique_esthederm_soinVisage_preparerSaPeau;Creme Douce Desincrustante / Tube 75 ml;24.83
scenario.product_cosmetique_esthederm_soinvisage_nutrisystem_creme_legere_dermo_dietetique_nutri_system_-_pot_50_ml;scenario.product_category_cosmetique_esthederm_soinVisage_nutriSystem;Creme Legere Dermo Dietetique Nutri System / Pot 50 ml;51.67
scenario.product_cosmetique_esthederm_soinvisage_liftrepair_creme_lift_and_repair_absolue_lissante_-_pot_50_ml;scenario.product_category_cosmetique_esthederm_soinVisage_liftRepair;Creme Lift And Repair Absolue Lissante / Pot 50 ml;71.67
scenario.product_cosmetique_esthederm_soincorps_morphocellularcare_creme_multicible_minceur_-_pot_200_ml;scenario.product_category_cosmetique_esthederm_soinCorps_morphoCellularCare;Creme Multicible Minceur / Pot 200 ml;49.17
scenario.product_cosmetique_esthederm_soincorps_morphocellularcare_sveltsystem_creme_multicible_minceur_-_pot_200_ml;scenario.product_category_cosmetique_esthederm_soinCorps_morphoCellularCare_sveltSystem;Creme Multicible Minceur / Pot 200 ml;49.17
scenario.product_cosmetique_esthederm_soinvisage_sensisystem_creme_repos_biomimetique_sensi_system_-_pot_50_ml;scenario.product_category_cosmetique_esthederm_soinVisage_sensiSystem;Creme Repos Biomimetique Sensi System / Pot 50 ml;53.33
scenario.product_cosmetique_esthederm_soinvisage_activerepair_creme_riche_correctrice_rides_active_repair_-_pot_50_ml;scenario.product_category_cosmetique_esthederm_soinVisage_activeRepair;Creme Riche Correctrice Rides Active Repair / Pot 50 ml;53.75
scenario.product_cosmetique_esthederm_soinvisage_timetechnologie_creme_time_technology_-_pot_50_ml;scenario.product_category_cosmetique_esthederm_soinVisage_timeTechnologie;Creme Time Technology / Pot 50 ml;50
scenario.product_cosmetique_esthederm_soinvisage_nutrisystem_creme_vitale_nutri_system_gelee_royale_-_pot_50_ml;scenario.product_category_cosmetique_esthederm_soinVisage_nutriSystem;Creme Vitale Nutri System Gelee Royale / Pot 50 ml;55
scenario.product_cosmetique_esthederm_soinvisage_preparersapeau_demaquillant_haute_tolerance_yeux_&_levres_-_flacon_125_ml;scenario.product_category_cosmetique_esthederm_soinVisage_preparerSaPeau;Demaquillant Haute Tolerance Yeux & Levres / Flacon 125 ml;23.33
scenario.product_cosmetique_esthederm_soinvisage_eaucellulaire_eve_serum_source_-_flacon_airless_30_ml;scenario.product_category_cosmetique_esthederm_soinVisage_eauCellulaire;EVE Serum Source / Flacon Airless 30 ml;68.33
scenario.product_cosmetique_esthederm_soinvisage_eaucellulaire_eau_cellulaire_-_aérosol_100_ml;scenario.product_category_cosmetique_esthederm_soinVisage_eauCellulaire;Eau Cellulaire / Aérosol 100 ml;16.67
scenario.product_cosmetique_esthederm_soinvisage_energisersapeau_eau_cellulaire_-_aérosol_100_ml;scenario.product_category_cosmetique_esthederm_soinVisage_energiserSaPeau;Eau Cellulaire / Aérosol 100 ml;16.67
scenario.product_cosmetique_esthederm_soinvisage_eaucellulaire_eau_cellulaire_-_aérosol_200_ml;scenario.product_category_cosmetique_esthederm_soinVisage_eauCellulaire;Eau Cellulaire / Aérosol 200 ml;25
scenario.product_cosmetique_esthederm_soinvisage_energisersapeau_eau_cellulaire_-_aérosol_200_ml;scenario.product_category_cosmetique_esthederm_soinVisage_energiserSaPeau;Eau Cellulaire / Aérosol 200 ml;25
scenario.product_cosmetique_esthederm_soinvisage_preparersapeau_eau_micellaire_osmopure_-_flacon_200_ml;scenario.product_category_cosmetique_esthederm_soinVisage_preparerSaPeau;Eau Micellaire Osmopure / Flacon 200 ml;23.33
scenario.product_cosmetique_esthederm_soincorps_exfoliant_doux_pour_la_douche_-_tube_200_ml;scenario.product_category_cosmetique_esthederm_soinCorps;Exfoliant Doux Pour La Douche / Tube 200 ml;22.5
scenario.product_cosmetique_esthederm_soinvisage_hydrasystem_fluide_aqua_diffuseur_hydra_system_-_tube_50_ml;scenario.product_category_cosmetique_esthederm_soinVisage_hydraSystem;Fluide Aqua Diffuseur Hydra System / Tube 50 ml;41.67
scenario.product_cosmetique_esthederm_soinvisage_intensifhyaluronic_formule_concentree_creme_hyaluronic_-_pot_50_ml;scenario.product_category_cosmetique_esthederm_soinVisage_intensifHyaluronic;Formule Concentree Creme Hyaluronic / Pot 50 ml;47.2
scenario.product_cosmetique_esthederm_soinvisage_intensifpropolis_formule_concentree_creme_propolis_-_pot_50_ml;scenario.product_category_cosmetique_esthederm_soinVisage_intensifPropolis;Formule Concentree Creme Propolis / Pot 50 ml;36.67
scenario.product_cosmetique_esthederm_soinvisage_intensifspiruline_formule_concentree_creme_spiruline_-_pot_50_ml;scenario.product_category_cosmetique_esthederm_soinVisage_intensifSpiruline;Formule Concentree Creme Spiruline / Pot 50 ml;55.2
scenario.product_cosmetique_esthederm_soinvisage_intensifpadinapavonica_formule_concentree_creme_padina_pavonica_-_pot_50_ml;scenario.product_category_cosmetique_esthederm_soinVisage_intensifPadinaPavonica;Formule Concentree Creme Padina Pavonica / Pot 50 ml;65.83
scenario.product_cosmetique_esthederm_soinvisage_intensifretinol_formule_concentree_creme_rétinol_-_pot_50_ml;scenario.product_category_cosmetique_esthederm_soinVisage_intensifRetinol;Formule Concentree Creme Rétinol / Pot 50 ml;57.5
scenario.product_cosmetique_esthederm_soinvisage_intensifvitaminec_formule_concentree_creme_vitamine_c_-_pot_50_ml;scenario.product_category_cosmetique_esthederm_soinVisage_intensifVitamineC;Formule Concentree Creme Vitamine C / Pot 50 ml;63.33
scenario.product_cosmetique_esthederm_soinvisage_intensifvitaminee2_formule_concentree_creme_vitamine_e2_-_pot_50_ml;scenario.product_category_cosmetique_esthederm_soinVisage_intensifVitamineE2;Formule Concentree Creme Vitamine E2 / Pot 50 ml;61.67
scenario.product_cosmetique_esthederm_soincorps_molecularcare_intensifglauscine_formule_concentree_creme_glauscine_-_tube_200_ml;scenario.product_category_cosmetique_esthederm_soinCorps_molecularCare_intensifGlauscine;Formule Concentree Creme Glauscine / Tube 200 ml;58.33
scenario.product_cosmetique_esthederm_soinvisage_intensifvitaminea_formule_concentree_creme_vitamine_a_-_pot_50_ml;scenario.product_category_cosmetique_esthederm_soinVisage_intensifVitamineA;Formule Concentree Creme Vitamine A / Pot 50 ml;65.83
scenario.product_cosmetique_esthederm_soinvisage_intensifpropolis_formule_concentree_lotion_propolis_-_flacon_150_ml;scenario.product_category_cosmetique_esthederm_soinVisage_intensifPropolis;Formule Concentree Lotion Propolis / Flacon 150 ml;24.17
scenario.product_cosmetique_esthederm_soinvisage_intensifhyaluronic_formule_concentree_masque_hyaluronic_-_tube_75_ml;scenario.product_category_cosmetique_esthederm_soinVisage_intensifHyaluronic;Formule Concentree Masque Hyaluronic / Tube 75 ml;28
scenario.product_cosmetique_esthederm_soinvisage_intensifaha_formule_concentree_serum_aha_-_flacon_pompe_30_ml;scenario.product_category_cosmetique_esthederm_soinVisage_intensifAHA;Formule Concentree Serum AHA / Flacon Pompe 30 ml;55.2
scenario.product_cosmetique_esthederm_soinvisage_intensifaha_formule_doux_serum_aha_-_flacon_pompe_30_ml;scenario.product_category_cosmetique_esthederm_soinVisage_intensifAHA;Formule Doux Serum AHA / Flacon Pompe 30 ml;47.2
scenario.product_cosmetique_esthederm_soinvisage_intensifvitaminea_formule_concentree_serum_vitamine_a_-_flacon_15_ml;scenario.product_category_cosmetique_esthederm_soinVisage_intensifVitamineA;Formule Concentree Serum Vitamine A / Flacon 15 ml;45.83
scenario.product_cosmetique_esthederm_soinvisage_intensifpropolis_formule_concentree_serum_propolis_-_flacon_pipette_30_ml;scenario.product_category_cosmetique_esthederm_soinVisage_intensifPropolis;Formule Concentree Serum Propolis / Flacon Pipette 30 ml;40.83
scenario.product_cosmetique_esthederm_soinvisage_intensifspiruline_formule_concentree_serum_spiruline_-_flacon_pipette_30_ml;scenario.product_category_cosmetique_esthederm_soinVisage_intensifSpiruline;Formule Concentree Serum Spiruline / Flacon Pipette 30 ml;63.2
scenario.product_cosmetique_esthederm_soinvisage_intensifhyaluronic_formule_concentree_serum_hyaluronic_-_flacon_pompe_30_ml;scenario.product_category_cosmetique_esthederm_soinVisage_intensifHyaluronic;Formule Concentree Serum Hyaluronic / Flacon Pompe 30 ml;55.2
scenario.product_cosmetique_esthederm_soinvisage_intensifhyaluronic_formule_concentree_serum_rétinol_-_flacon_pipette_15_ml;scenario.product_category_cosmetique_esthederm_soinVisage_intensifHyaluronic;Formule Concentree Serum Rétinol / Flacon Pipette 15 ml;47.2
scenario.product_cosmetique_esthederm_soinvisage_intensifvitaminee2_formule_concentree_serum_vitamine_e2_-_flacon_pompe_30_ml;scenario.product_category_cosmetique_esthederm_soinVisage_intensifVitamineE2;Formule Concentree Serum Vitamine E2 / Flacon Pompe 30 ml;63.2
scenario.product_cosmetique_esthederm_soincorps_molecularcare_intensifglauscine_formule_concentree_serum_glauscine_-_flacon_200_ml;scenario.product_category_cosmetique_esthederm_soinCorps_molecularCare_intensifGlauscine;Formule Concentree Serum Glauscine / Flacon 200 ml;58.33
scenario.product_cosmetique_esthederm_soinvisage_intensifvitaminec_formule_concentree_serum_poudre_vitamine_c_-_flacon_4_g;scenario.product_category_cosmetique_esthederm_soinVisage_intensifVitamineC;Formule Concentree Serum Poudre Vitamine C / Flacon 4 g;40.83
scenario.product_cosmetique_esthederm_soinvisage_eaucellulaire_gel_d'eau_cellulaire_-_pot_50_ml;scenario.product_category_cosmetique_esthederm_soinVisage_eauCellulaire;Gel D'eau Cellulaire / Pot 50 ml;28.33
scenario.product_cosmetique_esthederm_soinvisage_eaucellulaire_gel_d'eau_cellulaire_-_tube_50_ml;scenario.product_category_cosmetique_esthederm_soinVisage_eauCellulaire;Gel D'eau Cellulaire / Tube 50 ml;22.5
scenario.product_cosmetique_esthederm_soinvisage_preparersapeau_gel_nettoyant_purete_-_tube_150_ml;scenario.product_category_cosmetique_esthederm_soinVisage_preparerSaPeau;Gel Nettoyant Purete / Tube 150 ml;21.67
scenario.product_cosmetique_esthederm_protectionsolaire_soinrefletsoleil_gelee_auto_bronzante_corps_hale_intense_-_flacon_pompe_150_ml;scenario.product_category_cosmetique_esthederm_protectionSolaire_soinRefletSoleil;Gelee Auto Bronzante Corps Hale Intense / Flacon Pompe 150 ml;35
scenario.product_cosmetique_esthederm_protectionsolaire_soinbronzant_huile_solaire_-_flacon_pompe_150_ml;scenario.product_category_cosmetique_esthederm_protectionSolaire_soinBronzant;Huile Solaire / Flacon Pompe 150 ml;40.83
scenario.product_cosmetique_esthederm_protectionsolaire_soinhauteprotection_intolerances_solaires_creme_visage_-_tube_50_ml;scenario.product_category_cosmetique_esthederm_protectionSolaire_soinHauteProtection;Intolerances Solaires Creme Visage / Tube 50 ml;40.83
scenario.product_cosmetique_esthederm_protectionsolaire_soinhauteprotection_intolerances_solaires_into_repair_-_tube_50_ml;scenario.product_category_cosmetique_esthederm_protectionSolaire_soinHauteProtection;Intolerances Solaires Into Repair / Tube 50 ml;57.5
scenario.product_cosmetique_esthederm_protectionsolaire_soinhauteprotection_intolerances_solaires_lait_corps_-_spray_150_ml;scenario.product_category_cosmetique_esthederm_protectionSolaire_soinHauteProtection;Intolerances Solaires Lait Corps / Spray 150 ml;44.17
scenario.product_cosmetique_esthederm_protectionsolaire_soinrefletsoleil_lait_auto_bronzant_corps_hale_leger_-_flacon_pompe_150_ml;scenario.product_category_cosmetique_esthederm_protectionSolaire_soinRefletSoleil;Lait Auto Bronzant Corps Hale Leger / Flacon Pompe 150 ml;35
scenario.product_cosmetique_esthederm_soinvisage_preparersapeau_lait_demaquillant_desensibilisant_-_flacon_200_ml;scenario.product_category_cosmetique_esthederm_soinVisage_preparerSaPeau;Lait Demaquillant Desensibilisant / Flacon 200 ml;20
scenario.product_cosmetique_esthederm_soinvisage_preparersapeau_lait_demaquillant_hydra-ressourcant_-_flacon_200_ml;scenario.product_category_cosmetique_esthederm_soinVisage_preparerSaPeau;Lait Demaquillant Hydra-ressourcant / Flacon 200 ml;16.67
scenario.product_cosmetique_esthederm_soincorps_morphocellularcare_sculptsystem_lait_hydratant_anti_relachement_sculpt_system_-_flacon_pompe_200_ml;scenario.product_category_cosmetique_esthederm_soinCorps_morphoCellularCare_sculptSystem;Lait Hydratant Anti Relachement Sculpt System / Flacon Pompe 200 ml;25
scenario.product_cosmetique_esthederm_soinvisage_preparersapeau_lotion_desensibilisante_-_flacon_200_ml;scenario.product_category_cosmetique_esthederm_soinVisage_preparerSaPeau;Lotion Desensibilisante / Flacon 200 ml;20
scenario.product_cosmetique_esthederm_soinvisage_preparersapeau_lotion_fraiche_hydra-ressourcante_-_flacon_200ml;scenario.product_category_cosmetique_esthederm_soinVisage_preparerSaPeau;Lotion Fraiche Hydra-ressourcante / Flacon 200ml;16.67
scenario.product_cosmetique_esthederm_soinvisage_whitesystem_lotion_lactee_eclaircissante_white_system_-_flacon_150_ml;scenario.product_category_cosmetique_esthederm_soinVisage_whiteSystem;Lotion Lactee Eclaircissante White System / Flacon 150 ml;28.33
scenario.product_cosmetique_esthederm_soinvisage_nutrisystem_masque_creme_bain_nutritif_nutri_system_-_tube_75_ml;scenario.product_category_cosmetique_esthederm_soinVisage_nutriSystem;Masque Creme Bain Nutritif Nutri System / Tube 75 ml;33.33
scenario.product_cosmetique_esthederm_soinvisage_preparersapeau_masque_gomme_clarifiant_-_tube_75_ml;scenario.product_category_cosmetique_esthederm_soinVisage_preparerSaPeau;Masque Gomme Clarifiant / Tube 75 ml;28.33
scenario.product_cosmetique_esthederm_soinvisage_liftrepair_masque_lift_&_repair__instant_repulp_-_tube_50_ml_;scenario.product_category_cosmetique_esthederm_soinVisage_liftRepair;Masque Lift & Repair  Instant Repulp / Tube 50 ml ;41.25
scenario.product_cosmetique_esthederm_soincorps_morphocellularcare_morpho_control_-_tube_100_ml;scenario.product_category_cosmetique_esthederm_soinCorps_morphoCellularCare;Morpho Control / Tube 100 ml;40.83
scenario.product_cosmetique_esthederm_soinvisage_whitesystem_mousse_nettoyante_clarifiante_white_system_-_flacon_150_ml;scenario.product_category_cosmetique_esthederm_soinVisage_whiteSystem;Mousse Nettoyante Clarifiante White System / Flacon 150 ml;28.33
scenario.product_cosmetique_esthederm_soinvisage_preparersapeau_mousse_nettoyante_purete_-_flacon_150_ml;scenario.product_category_cosmetique_esthederm_soinVisage_preparerSaPeau;Mousse Nettoyante Purete / Flacon 150 ml;25.83
scenario.product_cosmetique_esthederm_protectionsolaire_soinecransoleilinterdit_no_sun_-_tube_50_ml;scenario.product_category_cosmetique_esthederm_protectionSolaire_soinEcranSoleilInterdit;No Sun / Tube 50 ml;40.83
scenario.product_cosmetique_esthederm_soinvisage_preparersapeau_offre_creme_douce_+_masque_gomme_osmoclean;scenario.product_category_cosmetique_esthederm_soinVisage_preparerSaPeau;Offre Creme Douce + Masque Gomme Osmoclean;40.83
scenario.product_cosmetique_esthederm_soinvisage_liftrepair_patchs_lift_&_repair_contour_des_yeux_-_coffret_10_sachets_de_2_patchs;scenario.product_category_cosmetique_esthederm_soinVisage_liftRepair;Patchs Lift & Repair Contour Des Yeux / Coffret 10 Sachets De 2 Patchs;56.67
scenario.product_cosmetique_esthederm_soinvisage_liftrepair_patchs_lift_&_repair_contour_des_yeux_-_le_sachet_de_2_patchs;scenario.product_category_cosmetique_esthederm_soinVisage_liftRepair;Patchs Lift & Repair Contour Des Yeux / Le Sachet De 2 Patchs;5.83
scenario.product_cosmetique_esthederm_protectionsolaire_soinhauteprotection_photo_regul_creme_visage_-_tube_50_ml;scenario.product_category_cosmetique_esthederm_protectionSolaire_soinHauteProtection;Photo Regul Creme Visage / Tube 50 ml;54.17
scenario.product_cosmetique_esthederm_protectionsolaire_soinecransoleilinterdit_photo_reverse_crème_visage_-_tube_50_ml;scenario.product_category_cosmetique_esthederm_protectionSolaire_soinEcranSoleilInterdit;Photo Reverse Crème Visage / Tube 50 ml;56.67
scenario.product_cosmetique_esthederm_protectionsolaire_soinrefletsoleil_poudre_de_soin_teintee_-_13_g;scenario.product_category_cosmetique_esthederm_protectionSolaire_soinRefletSoleil;Poudre De Soin Teintee / 13 g;40
scenario.product_cosmetique_esthederm_protectionsolaire_soinapressoleil_prolongateur_de_bronzage_lait_corps_-_flacon_pompe_200_ml;scenario.product_category_cosmetique_esthederm_protectionSolaire_soinApresSoleil;Prolongateur De Bronzage Lait Corps / Flacon Pompe 200 ml;38.33
scenario.product_cosmetique_esthederm_soinvisage_timetechnologie_radiance_-_pot_50_ml;scenario.product_category_cosmetique_esthederm_soinVisage_timeTechnologie;Radiance / Pot 50 ml;50
scenario.product_cosmetique_esthederm_protectionsolaire_soinapressoleil_repair_après-soleil_creme_visage_-_tubes_50_ml;scenario.product_category_cosmetique_esthederm_protectionSolaire_soinApresSoleil;Repair Après-soleil Creme Visage / Tubes 50 ml;35.83
scenario.product_cosmetique_esthederm_soinvisage_whitesystem_rollon_concentre_anti-taches_ciblé_-_9_ml;scenario.product_category_cosmetique_esthederm_soinVisage_whiteSystem;Rollon Concentre Anti-taches Ciblé / 9 ml;40.83
scenario.product_cosmetique_esthederm_soincorps_morphocellularcare_sveltsystem_serum_anti_eau_-_flacon_pompe_100_ml;scenario.product_category_cosmetique_esthederm_soinCorps_morphoCellularCare_sveltSystem;Serum Anti Eau / Flacon Pompe 100 ml;35
scenario.product_cosmetique_esthederm_soincorps_morphocellularcare_sveltsystem_serum_anti_gras_-_flacon_pompe_100_ml;scenario.product_category_cosmetique_esthederm_soinCorps_morphoCellularCare_sveltSystem;Serum Anti Gras / Flacon Pompe 100 ml;35
scenario.product_cosmetique_esthederm_soinvisage_whitesystem_serum_eclaircissant_white_system_-_flacon_30_ml;scenario.product_category_cosmetique_esthederm_soinVisage_whiteSystem;Serum Eclaircissant White System / Flacon 30 ml;65.83
scenario.product_cosmetique_esthederm_soinvisage_liftrepair_serum_lift_and_repair_absolu_tenseur_-_flacon_airless_30_ml;scenario.product_category_cosmetique_esthederm_soinVisage_liftRepair;Serum Lift And Repair Absolu Tenseur / Flacon Airless 30 ml;78.33
scenario.product_cosmetique_esthederm_soinvisage_boostersapeau_serum_restructurant_derm_repair_-_flacon_30_ml;scenario.product_category_cosmetique_esthederm_soinVisage_boosterSaPeau;Serum Restructurant Derm Repair / Flacon 30 ml;65.83
scenario.product_cosmetique_esthederm_soinvisage_dermrepair_serum_restructurant_derm_repair_-_flacon_30_ml;scenario.product_category_cosmetique_esthederm_soinVisage_dermRepair;Serum Restructurant Derm Repair / Flacon 30 ml;65.83
scenario.product_cosmetique_esthederm_soinvisage_puresystem_soin_absolue_purete_pure_system_-_tube_50ml;scenario.product_category_cosmetique_esthederm_soinVisage_pureSystem;Soin Absolue Purete Pure System / Tube 50ml;29.17
scenario.product_cosmetique_esthederm_soinvisage_hydrasystem_soin_aqua_diffuseur_contour_yeux_hydra_system_-_tube_15ml;scenario.product_category_cosmetique_esthederm_soinVisage_hydraSystem;Soin Aqua Diffuseur Contour Yeux Hydra System / Tube 15ml;30
scenario.product_cosmetique_esthederm_soinvisage_hydrasystem_soin_aqua_diffuseur_hydra_system_-_pot__50_ml;scenario.product_category_cosmetique_esthederm_soinVisage_hydraSystem;Soin Aqua Diffuseur Hydra System / Pot  50 ml;41.67
scenario.product_cosmetique_esthederm_soinvisage_activerepair_soin_contour_des_yeux_active_repair_-_tube_15_ml;scenario.product_category_cosmetique_esthederm_soinVisage_activeRepair;Soin Contour Des Yeux Active Repair / Tube 15 ml;36.67
scenario.product_cosmetique_esthederm_soinvisage_whitesystem_soin_eclaircissant_contour_des_yeux_white_system_-_tube_15_ml;scenario.product_category_cosmetique_esthederm_soinVisage_whiteSystem;Soin Eclaircissant Contour Des Yeux White System / Tube 15 ml;49.17
scenario.product_cosmetique_esthederm_soinvisage_whitesystem_soin_eclaircissant_reparateur_jour_white_system_-_flacon_50_ml;scenario.product_category_cosmetique_esthederm_soinVisage_whiteSystem;Soin Eclaircissant Reparateur Jour White System / Flacon 50 ml;61.67
scenario.product_cosmetique_esthederm_soinvisage_whitesystem_soin_eclaircissant_reparateur_nuit_white_system_-_pot_50_ml;scenario.product_category_cosmetique_esthederm_soinVisage_whiteSystem;Soin Eclaircissant Reparateur Nuit White System / Pot 50 ml;77.5
scenario.product_cosmetique_esthederm_soinvisage_liftrepair_soin_lissant_contour_des_yeux_lift_&_repair_-_flacon_airless_15_ml;scenario.product_category_cosmetique_esthederm_soinVisage_liftRepair;Soin Lissant Contour Des Yeux Lift & Repair / Flacon Airless 15 ml;53.33
scenario.product_cosmetique_esthederm_protectionsolaire_soinrefletsoleil_sun_sublimation_-_flacon_150_ml;scenario.product_category_cosmetique_esthederm_protectionSolaire_soinRefletSoleil;Sun Sublimation / Flacon 150 ml;45
scenario.product_cosmetique_esthederm_protectionsolaire_un_soir_d'été_eau_de_parfum_-_flacon_50_ml;scenario.product_category_cosmetique_esthederm_protectionSolaire;Un Soir D'été Eau De Parfum / Flacon 50 ml;37.5
scenario.product_cosmetique_esthederm_soincorps_un_soir_d'été_eau_de_parfum_-_flacon_50_ml;scenario.product_category_cosmetique_esthederm_soinCorps;Un Soir D'été Eau De Parfum / Flacon 50 ml;37.5
scenario.product_cosmetique_esthederm_protectionsolaire_soinbronzant_uv_incellium_-_aérosol_100_ml;scenario.product_category_cosmetique_esthederm_protectionSolaire_soinBronzant;UV Incellium / Aérosol 100 ml;32.5
